UP,VP,Red,Green,Blue
0.171677215,0.40585443,56.12435784,60.56340088,46.04525617
0.173090327,0.151350229,27.73486087,73.92168427,10.8591266
0.172121212,0.159669421,28.68793579,70.54926037,11.66278125
0.156427221,0.307301512,55.30445397,66.94260399,36.76893906
0.173035439,0.16155624,40.89925919,86.40255748,15.7168265
0.196850394,0.316683071,57.51970732,76.77675093,37.95275378
0.195526862,0.314387826,50.47135995,76.11727439,31.14773022
0.161090306,0.236478605,48.29366081,73.6305011,23.50556689
0.168522106,0.189977735,35.97974418,72.42549417,14.82499885
0.173404705,0.221862234,36.70363667,69.89247568,17.23484909
0.146108823,0.477996965,64.14533125,45.38001242,59.72975739
0.173422935,0.285822675,43.40418737,68.39238296,23.28882426
0.213485045,0.199994367,23.03435208,57.34055453,13.25220615
0.167989162,0.509483259,57.24745199,40.63738735,64.07949097
0.184975887,0.185685967,25.35929647,58.78020522,13.51814424
0.160308616,0.406986712,49.02327395,43.53970316,40.21550139
0.171311016,0.475219749,49.31910768,49.69315111,46.09977988
0.170935293,0.196796747,22.84907973,55.67545454,7.630386527
0.159619887,0.327847404,42.01455374,54.41199024,22.44968372
0.156234267,0.406276221,49.73027501,54.12953875,27.96931238
0.143318782,0.510233006,57.52702953,38.6030455,53.11124164
0.147306771,0.366314669,45.00765972,45.52784868,29.60474939
0.137955837,0.452168597,53.38555263,37.60937468,41.17943669
0.121807466,0.530836252,64.02062308,28.23010899,60.4423126
0.157789263,0.318479063,32.33872373,45.06059472,17.12854234
0.143329489,0.436908881,46.21335513,34.99179871,33.21255315
0.129815802,0.539234869,54.94622794,26.45470288,57.3857293
0.151262564,0.339237558,33.68519011,39.35164034,19.44359283
0.161559157,0.25432279,24.98137068,43.32897524,13.08499303
0.130256792,0.536123,50.98212866,20.49549121,52.95500538
0.147037508,0.347301263,32.10943453,33.28950298,19.61119716
0.13826829,0.458241442,41.81643172,28.31566822,29.56541317
0.136347826,0.498931677,40.96603545,25.30303394,36.4380457
0.1419855,0.432416912,34.60393811,25.74991464,23.54364466
0.129976749,0.541105721,42.95566155,16.25647527,46.51302569
0.129988879,0.537254417,40.6613401,20.76767116,41.49735501
0.12784417,0.550720785,40.32180593,16.96356798,45.02602037
0.133468534,0.502503327,38.44697739,19.11051792,30.36849334
0.149498502,0.345522401,25.26394789,27.89613158,11.39095196
0.13729066,0.466867878,31.64530833,17.27935821,26.43262764
0.174877829,0.376091221,20.92138181,24.47071104,10.45210217
0.142281879,0.412028911,25.60150471,16.35873507,17.400774
0.128566855,0.528097322,33.63308683,11.47044722,35.19861447
0.124187603,0.557693537,34.64722791,10.27570452,41.12453028
0.13672371,0.441101772,25.24902078,14.44672424,19.42729385
0.127237522,0.53265317,30.88417328,9.599645279,32.08727103
0.138457229,0.424542294,23.89553109,15.91077379,11.4090405
0.126461784,0.528622032,29.1350425,8.972729009,29.89342357
0.121316093,0.56342387,29.74240618,7.956149316,41.71614711
0.130876115,0.491828142,24.60604873,10.66729198,19.80153504
0.125216578,0.540403555,26.13226003,7.743745965,29.06070278
0.185071965,0.156190294,31.52690932,74.79788485,24.06387996
0.137386631,0.534598589,51.32164485,23.33578732,56.46855869
0.148535616,0.371511757,23.6112437,21.76464192,10.98130366
0.123857922,0.553289876,29.68643775,8.400288042,37.51950205
0.208612831,0.220456141,23.73608943,53.75381391,14.11751415
0.141566638,0.462566514,43.91854991,28.04768108,37.25203357
0.12368303,0.555533653,34.46366906,9.086755476,43.05257675
0.153297753,0.369911574,36.15166842,42.09405737,22.81550331
0.135020169,0.475412541,28.54802693,14.00992357,23.04084115
0.125822585,0.53502195,28.33976122,7.601338434,29.66493972
0.142735576,0.519260226,60.64808336,38.12583609,54.02751713
0.131202933,0.543665415,48.26957481,18.82133086,52.57757686
0.134705801,0.458283489,26.35109057,11.01556152,21.03088686
0.136098131,0.440274533,65.89365495,53.50825909,53.47483196
0.165801818,0.303935406,23.38888541,33.98755288,12.54982245
0.151265823,0.414098934,23.9932145,17.81736776,12.76674756
0.141574586,0.397790055,51.70712933,50.0040491,38.11807947
0.143626893,0.406409028,38.38207884,31.54031555,24.72048947
0.124888421,0.536084619,34.21742196,10.73096241,35.19878734
0.129614492,0.535297387,56.30645941,25.21024299,53.72775176
0.124675229,0.543852079,38.77968889,12.82630211,41.03757214
0.211654755,0.353765805,51.22532742,74.76895765,32.73772946
0.158947855,0.322882941,34.68404983,45.79628617,20.11852636
0.133498146,0.497064277,34.67303048,14.66432627,29.48364316
0.177469393,0.153217467,26.45402173,70.31211282,18.97617748
0.162818955,0.272268436,29.56738236,47.22193984,15.83433706
0.161729597,0.381997202,22.85249864,22.55436928,11.63822798
0.1731127,0.36130422,49.80370571,59.94664393,39.52128642
0.152990443,0.345001611,38.54804023,43.86512268,21.75606509
0.178784653,0.296893613,22.6732428,37.46199818,12.54279619
0.160333902,0.409691294,22.78723128,18.49922423,11.66552374
0.191455188,0.393189849,51.0883406,61.97672829,41.18406714
0.145976002,0.390079017,31.97847052,25.6710025,19.19690155
0.123338441,0.560916396,28.79660008,7.835169404,42.32718371
0.140394233,0.435648378,21.51606321,16.74210812,9.681813134
0.133496074,0.536461844,44.97468795,19.3655291,50.55815431
0.134888438,0.503359533,36.42204131,18.51258511,32.25052738
0.156075808,0.452341137,56.7594158,50.89261387,48.27992353
0.173654342,0.174591692,25.58148436,60.65414205,15.45308567
0.16283293,0.43311138,61.15518844,52.52925778,57.80119234
0.160688666,0.395982783,60.31063918,60.81902223,47.6991835
0.135443323,0.48052081,37.28567168,18.05653187,28.93516856
0.136702128,0.452279635,29.19587555,15.78616288,22.81584217
0.12717376,0.519900415,26.64909648,7.503529072,26.55446475
0.151490733,0.403223207,59.00556226,62.08616728,42.43674653
0.176461382,0.176950466,27.5560341,69.24947862,11.03002471
0.160880869,0.249533568,28.80479001,51.6627652,12.58306896
0.141074057,0.524803175,60.61298385,33.40445049,60.31597709
0.17645829,0.357516203,59.74254382,68.65405874,42.53758875
0.142060706,0.44414619,66.65100974,55.8918991,58.16596996
0.16502994,0.209964072,24.6571673,54.54668947,8.866187409
0.140388769,0.499730022,61.39444495,42.19763685,60.21515286
0.12389517,0.553409739,29.92134527,7.752594178,38.23242338
0.159433962,0.393537736,45.58999081,54.94116932,28.38051307
0.135792363,0.466364906,28.65736858,11.44694926,22.43347681
0.137943719,0.52004782,51.48214705,28.17569653,49.71414653
0.168388948,0.27070249,29.77652484,54.09995702,15.03689058
0.18313253,0.444106862,53.33450511,50.44399674,48.75776688
0.164568621,0.28178707,24.78482394,38.90601407,11.78961465
0.181220314,0.402813299,55.93112252,62.42219993,48.63943002
0.125419741,0.548561239,32.26974218,10.32914455,36.60546645
0.169580471,0.20006486,26.87593582,62.82130369,12.90242277
0.17632304,0.194662609,37.89863627,78.24251918,17.30006886
0.167461754,0.392334266,53.7150828,57.85685562,39.53604988
0.148509764,0.518756423,53.29444032,35.40838993,52.08603576
0.177251732,0.423498845,59.22001974,63.40704172,47.76349284
0.145342822,0.529046619,50.24564644,29.16161632,51.35335972
0.135215453,0.460455221,23.00173147,10.62487927,14.77454189
0.194233687,0.225016258,44.61914547,85.95598916,23.40967283
0.16645724,0.485623475,54.72989229,47.50570307,50.44468208
0.178078108,0.256682898,41.72086365,72.02439336,20.69965208
0.127345662,0.543010997,37.59219847,12.25123363,41.27258212
0.178951853,0.424371538,54.7277857,63.93390576,44.81014052
0.140052176,0.529726761,56.07783105,31.56090708,58.37243762
0.187365177,0.327272727,56.25664355,77.28334396,33.94850038
0.14635017,0.471711583,48.16805691,36.68840922,39.13627639
0.19941349,0.392789374,55.86631631,70.17331513,40.6160935
0.148948266,0.496304719,52.44971542,37.44050217,46.58692944
0.181457829,0.447918961,56.326015,58.7767621,46.37382061
0.137354216,0.461515038,36.34495444,21.52748275,26.11997061
0.173913043,0.307152875,50.43990563,71.67145161,29.04258974
0.136174636,0.53589527,53.75434121,26.97914644,54.74296063
0.152814595,0.432246998,64.36691258,57.01327494,50.72525586
0.140857022,0.477301655,54.997228,37.06077952,45.71459271
0.17539803,0.149559137,24.66977886,72.28418602,12.44984912
0.16636106,0.381063511,52.82170722,57.86622764,39.74297257
0.130929657,0.518981972,50.74263201,28.390064,46.25295433
0.184682238,0.221618685,49.86455639,86.09575393,22.42498508
0.130359439,0.529934597,45.7939429,22.77894179,44.51154135
0.210807205,0.442294863,52.91407878,64.00491701,53.16714044
0.143340434,0.504072171,48.59643468,30.63649106,47.00414976
0.127650963,0.523134362,27.68348774,7.759829435,26.97608886
0.17709126,0.14811744,29.59888167,72.36423002,20.4139665
0.141551058,0.512531271,55.27724836,34.12326286,53.56770074
0.123600254,0.558237527,25.52014038,7.663811871,35.63277641
0.181059948,0.419113814,50.4310836,66.415435,34.85117198
0.15781369,0.35376785,31.60856264,41.05483775,18.23070092
0.201767754,0.407345322,50.80527731,64.41823557,42.85289999
0.153867871,0.436088368,48.85134319,40.45785498,38.68259956
0.14563454,0.410530608,26.59413403,21.13963334,19.16407938
0.176581963,0.193124066,35.23449123,76.28363453,15.57857299
0.193776521,0.476308345,51.13593733,53.50796015,49.59362094
0.155168998,0.453619685,47.75796558,43.77376626,36.80070325
0.123511441,0.557204314,29.18706572,8.335259969,39.78123964
0.168351159,0.260784602,30.82210135,61.03252704,13.8300637
0.166793149,0.373992411,22.30269557,24.13691284,11.11182327
0.177714691,0.316181689,43.6228743,65.79739502,30.8685559
0.167923909,0.245367334,25.75033419,49.95677663,12.52688285
0.125169223,0.555072239,36.97191351,9.908542304,45.41628951
0.176999147,0.20556197,32.70807744,73.10776424,13.14296654
0.138216561,0.525095541,51.9247195,29.11219013,52.11468042
0.182381585,0.428950863,56.09620577,62.02192566,49.67892713
0.165827338,0.486420863,57.87140656,46.53300839,55.18340995
0.183442729,0.20069621,23.18203469,58.1945328,12.52657297
0.145881494,0.473597761,47.82651247,33.54895364,42.52540553
0.183393823,0.36863936,47.71347737,63.59325199,34.67208444
0.172402905,0.209630565,21.39417843,53.03956304,8.330523772
0.152362137,0.348706017,24.26716587,26.31256182,11.00087176
0.221841408,0.402399128,47.06126719,66.64030315,42.40385667
0.140253216,0.462051526,42.15864193,28.74762998,30.17853959
0.166785663,0.296444381,44.63528249,63.58196205,22.31073729
0.152967409,0.369834143,28.2585867,30.03306945,17.19223669
0.137169551,0.448630977,22.91307205,10.40345353,10.38067947
0.181682056,0.315198403,44.7112827,72.35731065,27.04018266
0.143367379,0.425026631,43.13056093,34.02189835,28.71414487
0.123818634,0.561109623,37.32060477,9.882447334,48.11307569
0.179187192,0.214285714,42.19417816,79.207469,18.49858419
0.143003904,0.514690775,51.44945535,32.65823522,46.20032915
0.20581912,0.371506378,51.29466075,70.21265761,38.28914361
0.169505748,0.427456575,54.4163022,58.55914338,39.36304509
0.158178054,0.291925466,24.75148565,34.87797297,10.14403109
0.17916457,0.436336185,56.536963,56.82323273,50.97608986
0.148389969,0.430368007,50.32680916,40.82025266,37.77248346
0.127766457,0.560127482,43.30152053,13.86027663,55.74888345
0.188690302,0.384119543,50.63399387,64.92269875,33.15607787
0.144288577,0.529916977,55.22894917,33.2275356,56.69323943
0.125547575,0.563081253,33.45837337,8.524331716,45.84313654
0.199445983,0.420498615,53.19901458,65.83741414,42.01021294
0.135752624,0.505509904,49.67220611,26.8214193,42.90504843
0.195819582,0.262376238,37.83133333,73.37583606,19.85325539
0.179134644,0.258729357,32.2583707,63.19940314,16.81173242
0.150905046,0.405695638,32.01138872,27.17466984,21.86537721
0.206274609,0.435539185,52.16657028,60.45238114,46.05371238
0.207563104,0.409589941,47.64414392,61.95128822,36.95043564
0.168823529,0.2725,27.44742961,48.43947777,13.52716551
0.129946014,0.520629185,34.24686651,13.01479709,30.65332998
0.23416017,0.336782424,47.13973136,79.59594019,31.16651982
0.168032073,0.341729127,38.61149748,49.25277872,21.78041118
0.133306783,0.513694538,46.57240971,21.39863712,41.39563188
0.193319119,0.277896233,45.11150501,73.77959521,23.2287672
0.168037603,0.262544066,28.34469027,47.10377049,13.52569417
0.133791061,0.496656936,35.1333538,14.15016891,29.99385316
0.207815434,0.179379415,25.94239039,65.12943556,19.13758148
0.186935016,0.504264029,50.81398806,42.44124881,57.02519057
0.157892803,0.335917123,25.88054015,31.99941931,13.21193069
0.187021552,0.195824991,32.55750703,73.43471725,15.71257653
0.172328902,0.464549483,52.59313487,49.40479893,46.70423189
0.148406375,0.53560757,46.23039968,25.50820567,49.16374511
0.214198783,0.438133874,50.214522,63.42587097,42.80480373
0.164443901,0.448550104,47.89701313,44.28319436,33.78081937
0.148682854,0.42495547,36.77004563,31.39016168,23.35514411
0.190346438,0.203483846,34.64500729,76.08586751,15.80039236
0.180645161,0.427741935,52.21604732,53.23454195,40.78110767
0.155066905,0.460369514,45.52297184,36.651497,36.375823
0.135244379,0.498088226,38.35352618,17.33982031,32.34954079
0.199456029,0.269265639,41.84539703,72.40762593,21.66329086
0.172562699,0.208506257,21.67630751,50.77422094,7.740870955
0.141483175,0.439453999,29.28255123,13.52772958,22.01179192
0.201551452,0.419509851,42.6530816,55.757395,36.04579604
0.190504728,0.225977597,22.94023048,51.43463848,12.99980895
0.161370497,0.323222594,24.19764867,30.16137092,12.81867467
0.131834416,0.497938589,25.86499345,8.186059009,23.18476145
0.202259279,0.434104357,45.44704413,60.38696169,38.1973064
0.14256873,0.499788141,47.85886238,27.94978174,40.67626277
0.127640059,0.531801395,31.47763629,10.8314934,29.98013964
0.220921726,0.427944404,46.6523314,66.67700913,38.48991126
0.155335628,0.535391566,49.67522967,29.40575332,53.68434186
0.186558299,0.183619881,28.53194544,74.15177533,12.81041477
0.190336616,0.416716281,43.35297701,50.3991935,35.37964354
0.161828259,0.306321264,22.9807782,32.45104856,8.094877329
0.16738315,0.419303364,21.18089355,16.40305863,8.723565751
0.235242676,0.376803673,42.12905962,66.90706773,35.54354039
0.162312705,0.438394697,44.14248129,39.75695002,31.19302937
0.134968286,0.491253834,29.06541515,12.64906763,23.17401365
0.22685469,0.467198038,44.71277932,57.67440385,44.54253284
0.163941073,0.516657656,45.50473083,35.39458436,46.10672344
0.138466459,0.503997618,36.00439195,20.49311143,29.80213377
0.240543162,0.448472357,45.35361986,64.67122371,45.4864208
0.174783738,0.381856206,40.96852852,49.45300119,26.81908889
0.134269045,0.554965032,40.80472151,14.45113105,48.54363212
0.180570587,0.161167952,25.9180599,68.77731886,18.92952369
0.217253521,0.475352113,46.33318408,47.92499736,49.44846054
0.144452364,0.539736279,45.90244756,24.06224053,47.70491471
0.133245458,0.498252049,27.28386297,10.70714837,21.48966876
0.173731126,0.502228488,45.95365072,41.22937467,43.64127895
0.147836503,0.437549303,32.14788336,22.83365195,21.91778096
0.239822924,0.35857954,48.2147393,79.26335708,29.47341468
0.195040214,0.435824397,44.90238605,52.75404884,38.1712562
0.161235748,0.389922766,35.90855933,38.33528497,25.21009424
0.124995572,0.563914769,28.85709821,6.717968571,43.90401138
0.197479537,0.386449266,45.46492428,63.60369525,31.85757542
0.147392233,0.525951992,48.20830785,26.82453592,49.43291629
0.15872851,0.34144586,23.08770714,28.76298059,11.31459787
0.129126096,0.521569836,28.50125741,8.505827618,29.56536294
0.217205069,0.26664287,36.62726583,76.84506433,19.45098283
0.18070378,0.228303491,22.9211069,53.33260615,10.68189743
0.136033344,0.544981742,40.81255051,14.82597008,48.79478472
0.311582382,0.423327896,40.21472677,73.826895,40.15736826
0.21117297,0.506239201,44.20265697,47.70495252,52.61399725
0.164167582,0.334474647,24.52711457,33.15722566,14.25553508
0.186981507,0.182614147,30.13964678,72.64711745,12.42951297
0.178536251,0.205719241,21.79467677,53.5596598,8.001723269
0.164059083,0.327243363,28.33208013,35.21910782,17.73289197
0.129029218,0.560838831,38.06322755,10.96191649,50.80886487
0.27849279,0.411691735,46.09862117,74.89964157,39.46981041
0.179319372,0.370484293,40.17427922,50.40464006,28.67218253
0.139819992,0.528137428,43.03423072,19.87977583,43.47041588
0.1298365,0.524266056,32.14795274,10.76257121,30.62844381
0.18846179,0.27257547,35.61297017,65.17656412,15.75511678
0.161539651,0.40102798,37.14493774,38.889901,27.72803016
0.13735995,0.468793721,23.79974514,9.808629393,19.50760455
0.227724703,0.382530708,37.67722239,62.47213482,31.56821165
0.208207105,0.291972968,19.67277455,37.43405052,9.405517139
0.138585808,0.554405368,42.04816617,14.87607636,57.1271321
0.292098093,0.413215259,40.54434804,70.59668865,39.83115324
0.194802731,0.488239757,44.19900751,45.71945338,42.36870313
0.147486498,0.547029497,45.202085,20.80354856,55.24286253
0.132192142,0.494643534,23.82015208,7.533759526,20.66742804
0.192987377,0.363113604,39.79711651,57.84971094,25.82121448
0.184971098,0.518026844,47.31364953,36.28424037,54.97982562
0.140622732,0.502885914,36.0280129,19.43908547,32.40766744
0.228225806,0.310282258,43.13641398,71.45949682,24.79822957
0.20876494,0.487649402,44.94754548,45.62230241,48.32447635
0.17006518,0.295371644,23.30912248,38.18751656,13.18089998
0.126114423,0.5523818,29.81438088,7.612157507,38.48741478
0.196814314,0.297839843,35.93755315,65.00322331,20.52385179
0.152992093,0.404055806,30.55417697,23.48993134,21.44959963
0.203460933,0.272155218,37.32145942,67.09146494,23.40050423
0.201949861,0.480710306,47.5195473,43.0948073,48.5623061
0.156609485,0.496316852,44.36721391,30.22931456,41.49510692
0.145806052,0.436703888,31.568474,18.66336097,22.23138756
0.22778626,0.347633588,40.97412207,65.64712595,31.11187316
0.183350238,0.402005149,43.41001591,48.219837,31.79617211
0.152870992,0.428747204,35.10303184,25.22602955,26.36241079
0.12785025,0.532658398,29.11487135,8.08486148,29.67089475
0.199964035,0.43373494,47.78807625,51.5730819,38.00432662
0.16,0.471207503,43.88096894,30.00048872,37.82380751
0.131268407,0.513589374,28.76859119,8.868432347,27.9431929
0.182652671,0.161404105,27.90215573,67.76272732,20.83309533
0.178606685,0.278116627,30.14677566,48.46608785,17.95371065
0.156070266,0.396812365,23.22814543,20.13081369,10.74356707
0.197392003,0.260027192,33.26990011,60.54561196,18.05917467
0.17466183,0.494897786,47.50100294,33.47989028,45.01799919
0.18531416,0.316113394,21.53773943,32.93070115,11.54165934
0.148834938,0.418140377,24.17664428,16.79613315,11.26476973
0.215168509,0.302335711,40.44595107,66.39837223,24.72413781
0.173029978,0.37987013,39.90038415,40.92794817,28.18922949
0.144335664,0.527307692,37.31616059,15.66354227,41.97386273
0.192144674,0.193274936,25.84612751,64.81864134,11.15656367
0.203741832,0.493465222,45.58404036,38.37464522,53.38181735
0.148379753,0.537937315,40.62697749,17.86591206,49.21987152
0.126268697,0.541633131,31.37575792,8.561624895,34.65482417
0.247351487,0.400455152,42.72382756,65.83985568,30.29569028
0.181014829,0.322122465,32.61420227,47.44040134,19.07514687
0.147731936,0.469238297,34.95019413,19.48119403,27.72240243
0.161181423,0.437408187,21.08459405,14.9264376,10.20018625
0.217094117,0.431676111,41.4243985,48.86321514,39.20907158
0.173429319,0.383507853,34.0730891,39.73004879,23.1240307
0.144400245,0.534472728,43.08090814,20.13760249,44.45384087
0.134143926,0.486078657,23.79016065,7.229432627,20.49629746
0.223216187,0.499041534,41.92904511,47.12647974,49.48691592
0.174947355,0.280148044,26.28039816,42.17147795,14.99039111
0.135248663,0.555656826,39.62597789,11.78601582,51.25360678
0.247383184,0.328179517,40.53590087,70.98551237,25.89462477
0.188469418,0.231029725,23.87519138,56.89296104,9.828492752
0.153036085,0.545770736,42.12377837,18.86749136,48.41508335
0.27252972,0.306595935,37.01152581,78.13293424,24.84322951
0.211640212,0.410375532,39.56405144,53.12721247,29.02040858
0.172957595,0.29286318,24.67649728,38.04137069,12.44184036
0.139488796,0.480047292,29.28718067,11.81045526,23.45306496
0.231740879,0.47187919,42.33706047,51.65447838,44.83385204
0.173532889,0.438025562,38.84187384,35.60040453,28.21974093
0.165764951,0.315784226,24.71593309,30.86476416,11.12986364
0.268112872,0.482755699,41.70739341,51.93134464,56.65019824
0.194315445,0.241237113,28.16316437,60.09798567,10.91353723
0.174685418,0.409269487,36.60579393,33.46788662,28.01700732
0.158824278,0.360790177,24.20630174,21.37813276,10.71589424
0.12526348,0.551025299,29.29356187,7.459290676,36.16418391
0.205306655,0.235406699,32.38487259,73.88921852,15.00118393
0.16535411,0.370154984,33.5570083,33.97232839,18.03033055
0.137986338,0.509859812,32.43104242,12.149275,29.12721652
0.209283879,0.27899229,33.59109752,62.29887799,18.32361442
0.188389923,0.310135647,32.87152758,50.64168898,16.66586936
0.136195323,0.543999129,38.27961689,13.14437481,42.13947645
0.301726428,0.474900398,36.69156057,58.91479568,45.37556308
0.199680077,0.434068753,37.57985326,40.89805646,32.02741377
0.158496039,0.470644574,36.93821119,25.51101744,29.22426467
0.301412873,0.504709576,37.75064388,52.72491884,57.08931878
0.193669898,0.352864165,32.7875831,48.87211523,18.59689514
0.156543977,0.504429628,38.09421933,24.1458777,35.14184423
0.142259878,0.467522219,23.62617684,12.54122753,17.45476106
0.197908865,0.189077469,25.89568199,64.19687562,18.8939965
0.18087199,0.248375289,22.80182491,45.85973473,11.68214946
0.160332224,0.344955922,25.10821765,25.51785299,10.37692726
0.230632952,0.214688356,21.1257493,53.31139192,11.21730007
0.216564022,0.477341667,43.9763863,38.96949966,48.02159263
0.160654337,0.527009705,44.57270199,23.22850298,43.73466431
0.137235565,0.518526208,33.65123357,13.08752555,31.18462278
0.202563145,0.208100037,28.89332759,70.30681953,13.56000548
0.192797411,0.241543052,23.40144035,52.70201873,10.97448497
0.170356668,0.392927337,34.50454924,31.11355383,23.93028447
0.15419523,0.44716134,29.11569752,18.536066,22.68566784
0.128263752,0.536645762,24.48653367,6.075370917,27.59614782
0.184751397,0.362123875,28.97479658,46.33311921,15.9957644
0.128253469,0.537706206,27.37897128,6.507930587,28.30255125
0.207809198,0.288240918,30.99437497,60.01798714,15.19389613
0.18488094,0.501377769,42.4066517,34.65491434,36.769631
0.153318204,0.548832125,40.15680262,17.02609052,48.47359337
0.129537788,0.540997388,30.00223314,8.462109707,31.53666972
0.230679877,0.276733857,33.63795203,71.90134344,16.70690023
0.197266786,0.514795009,45.53365517,34.5905396,48.12233757
0.141053922,0.55625,39.26361333,11.82539099,49.2888617
0.212881148,0.225471168,31.60305134,70.57298151,13.62804535
0.220123738,0.506024096,46.72888636,42.06225427,48.52423266
0.179698217,0.276920439,22.25501661,41.30197715,8.295834874
0.163099691,0.401210024,28.79231083,23.90252314,20.62433161
0.126818265,0.542455885,27.16693632,5.908826832,28.37107139
0.208408802,0.532737292,39.87594168,36.3213873,55.03469648
0.161740793,0.429196519,28.72780893,23.38284755,20.61351347
0.127299877,0.54581089,28.94141333,7.001233046,32.64933188
0.273215023,0.512587701,35.41379876,48.95904498,52.45211961
0.18839728,0.540005037,41.16084853,27.8360465,54.39491691
0.157714213,0.42944658,27.56867907,22.03171532,18.07875207
0.164249804,0.436491375,19.811448,15.34543419,8.868112702
0.214023617,0.252985523,27.6124886,63.56699291,14.57399346
0.176956303,0.285718646,21.86989916,38.31482553,9.119015111
0.135029716,0.533632945,33.87017959,9.340914302,36.05282694
0.198798084,0.184654425,28.54208927,63.84909006,18.01618761
0.215677729,0.401780711,34.04819806,46.18776472,27.14119367
0.174884544,0.326788529,23.33760461,35.3979753,13.02880982
0.140534952,0.466034196,22.30816693,6.434398012,10.73666688
0.200087604,0.234296978,24.18269223,59.63695306,11.70010984
0.175656012,0.422006049,34.22281796,31.86018906,25.85566824
0.158948655,0.417464919,22.36431859,17.37023428,9.216266693
0.280434649,0.397261956,33.56301093,63.7009723,33.06321948
0.216793893,0.52032945,39.82485053,35.90851968,49.87072568
0.161351239,0.385848772,24.5980895,23.11656475,14.25502035
0.194738026,0.189228694,23.91570796,61.4598786,8.999874678
0.2234018,0.517885991,39.55028122,36.88005016,50.9130066
0.165027097,0.525785484,37.86275501,20.96376452,41.36632604
0.138878128,0.560689047,33.91272085,9.427975227,46.81287242
0.234883188,0.286016949,30.31726608,63.56979033,16.45368083
0.218927532,0.479804628,39.85749646,39.64981627,39.19039798
0.171528384,0.419737991,30.53472783,30.78000259,19.86526766
0.150004405,0.466622394,27.78353829,16.04203312,22.46255812
0.127795958,0.55278162,26.51363669,6.326977117,34.24707184
0.235948804,0.334168058,32.42247897,66.64934908,17.68678425
0.194520192,0.406505649,34.97872884,39.7477778,25.24186825
0.160409141,0.548808702,37.82624418,16.36413389,50.07413026
0.304671458,0.485112936,33.41979935,55.285632,46.84413
0.206032327,0.315776208,19.80143901,34.87021817,9.510794991
0.137893572,0.491992757,24.74942551,7.84113547,19.88233606
0.251074648,0.446360065,31.90488541,52.97741046,34.64413428
0.209137319,0.285995501,20.77732752,40.98555808,9.351449306
0.173546876,0.342149464,23.31496127,27.92722932,11.10823734
0.254877063,0.314440725,32.60459607,63.9343111,22.10524938
0.233143876,0.510197258,36.74553759,37.10804202,48.11690569
0.160559019,0.551713185,37.13394506,16.66539103,50.6860614
0.135160681,0.551335066,32.8160486,8.76149515,40.57241231
0.299020173,0.422247839,33.58024794,63.60630571,32.16913258
0.248276974,0.523437185,34.77883477,40.39930886,52.21717035
0.178304595,0.374860323,26.36386051,31.29905872,17.54754259
0.159975918,0.455595227,28.02273984,20.03653836,22.72445294
0.202146112,0.185565192,26.94205841,65.61675581,17.65955478
0.216492881,0.488334105,34.18383925,35.74795241,40.8376731
0.1667979,0.468208661,30.31461934,23.12410263,26.40781125
0.146187621,0.476450593,24.66949859,12.05324083,19.33207942
0.289297171,0.38976378,30.72211973,64.7357255,28.30871569
0.215683514,0.533943404,36.63927014,33.90995208,55.16869453
0.152265189,0.521530321,33.24714543,16.78762677,35.38464227
0.224310856,0.213136765,22.17275108,56.88300462,12.48618384
0.24127588,0.478015948,34.67619648,41.95592966,41.49860685
0.173571384,0.524203181,37.91156936,24.00917982,41.72766381
0.14798525,0.455983909,24.50502938,13.04402382,17.99880817
0.23103727,0.396398405,30.49752269,52.8744374,25.4780829
0.189601731,0.285016668,22.00160321,40.15665287,9.659719204
0.150885142,0.48923321,30.46552628,15.08719383,27.07061985
0.215571647,0.219125756,25.87210392,64.42284677,12.61880166
0.191628596,0.3673293,27.69686084,36.86439951,19.52988374
0.156919969,0.502329105,32.92955477,18.15468623,33.34370151
0.198753156,0.193085682,22.28043646,61.20688592,12.34851043
0.210370279,0.25348198,24.02465236,54.4765192,14.08133357
0.212728858,0.516607138,37.84443208,32.88211423,49.96318219
0.161776691,0.392165852,24.43082787,19.18118934,11.86865769
0.296023005,0.438012045,31.97289877,57.20902451,37.7407172
0.191930718,0.270516984,21.06538551,44.46326964,8.001121399
0.16171875,0.5259375,37.19344776,18.66789292,46.28681982
0.134934522,0.53575504,30.15864594,9.911303682,32.13351941
0.217393725,0.277883955,27.13943698,60.12296195,13.08980643
0.181856604,0.339260377,25.09824059,35.60068777,14.16894589
0.153137216,0.499443098,29.94906642,16.09974527,29.98131621
0.144585437,0.465837851,20.57288294,9.11414275,10.96539622
0.250634101,0.431751996,28.34160998,51.14501702,30.41796526
0.2001414,0.501949298,34.38553044,31.18232792,40.14268303
0.157552699,0.510665418,31.53760414,18.54362765,31.55833811
0.1475613,0.466798707,21.19224762,11.00538128,17.5683928
0.362603934,0.494625837,26.99401712,60.83011795,52.08501077
0.232419613,0.490678948,33.38389497,41.13474179,38.82693464
0.151242809,0.558316417,33.50079783,11.66916234,49.87256961
0.357552581,0.490439771,29.00440624,62.11519332,47.90423372
0.216570203,0.4007425,32.82400023,46.05575338,23.99417114
0.171413326,0.465117055,31.03344641,25.86340029,26.93578386
0.309880934,0.445337869,32.30078796,58.2495673,37.30941441
0.268986598,0.509287562,33.95731208,45.94128996,47.68605223
0.188104684,0.488153294,33.28120664,28.46076835,32.22889645
0.167203112,0.392076464,21.6039385,22.4915913,10.10116866
0.258092602,0.315961317,29.02233886,63.69630388,20.93240802
0.228855721,0.533968091,34.0451308,32.68528981,56.12714173
0.15775681,0.455206673,27.47858576,17.82826616,21.87081428
0.131018024,0.558079975,27.19299357,6.635261872,36.48942204
0.213934653,0.21827864,23.76667987,60.38895714,16.28711352
0.187362091,0.394297278,27.50343782,28.62644931,22.58717664
0.160805873,0.409807508,22.02103567,15.77657632,11.92326962
0.230673436,0.264680525,24.87595882,59.43804198,14.37279804
0.206053239,0.251464689,20.54731675,46.74431582,10.92340994
0.178449552,0.332950805,23.23922642,27.81415857,12.26643535
0.146029339,0.475732872,23.2150284,10.31373102,20.2632954
0.272733098,0.335661647,29.38534265,65.89869583,19.98444975
0.232732733,0.439189189,31.99996723,43.54558175,31.23878134
0.174770039,0.553383706,36.47705078,17.83127334,54.89674706
0.145619178,0.5035938,26.33252721,12.52086553,23.62382093
0.241189313,0.224243684,23.28294408,58.67598143,14.91072488
0.20590258,0.279259626,21.04296114,41.47094626,10.18620469
0.174090294,0.425124624,29.99291189,21.39660592,24.96357473
0.268031704,0.372721268,29.86880227,54.59609518,26.8500586
0.188384173,0.372673525,27.13874185,33.06258352,17.65661773
0.16159944,0.543917736,35.43226178,14.72348498,47.00739596
0.133324644,0.552450027,28.98467311,7.775781563,37.84059291
0.253254735,0.359187257,27.83734906,59.25288077,19.26729545
0.202699091,0.302445216,22.47324822,42.96030286,12.73498762
0.141561778,0.535309484,30.66536874,8.351200574,32.65009116
0.213568551,0.258337132,21.61291179,53.1528744,10.37910379
0.180593122,0.505554482,31.90340762,21.17340949,36.72525867
0.154859686,0.467580303,26.48673205,13.98338328,21.58134576
0.342659541,0.514932411,27.00677411,51.7280459,57.86841185
0.191916119,0.282959253,20.27420639,38.64336849,7.915884218
0.172327723,0.396276402,24.96840025,22.76557048,17.55382256
0.148340334,0.549728194,29.67085965,10.7142171,41.94978865
0.277920176,0.332295862,29.72400159,69.06425434,18.5772928
0.206127265,0.284802428,20.27619221,45.66683464,11.86508769
0.181799031,0.375789973,24.95966428,28.74180533,16.21316703
0.15584693,0.445189201,22.03912158,13.10025444,18.23389565
0.242825326,0.309640471,26.03982029,57.24189666,15.49938563
0.22573094,0.533093129,33.21444082,31.11516497,51.98131587
0.138997166,0.556605879,26.52971968,8.739747628,37.88555853
0.352672548,0.48619616,26.15152026,60.97910746,47.16494351
0.222009569,0.446949761,29.86872773,40.12497879,28.52178975
0.17374794,0.463074085,27.16075987,21.63035581,23.02156053
0.151579123,0.558514307,29.81962145,10.65779345,48.89919376
0.222859484,0.270995494,22.59144153,54.44893247,11.72452867
0.201239034,0.426967694,26.66152376,32.41547994,24.28229905
0.173116431,0.534505891,30.16090399,19.27216674,39.27210094
0.319633208,0.419641395,29.6099614,61.00344074,30.91771537
0.245194931,0.370520827,24.57447229,48.22962283,21.83569284
0.188407125,0.529335549,31.25517084,20.21905363,42.75170912
0.177779224,0.413946642,18.77824239,18.97241074,8.089609283
0.360820307,0.505091066,23.16797224,53.12163793,57.44295178
0.234686097,0.457129543,28.53438353,40.63706844,29.20182396
0.148057264,0.528081043,25.32773225,11.18855212,30.3146604
0.222646438,0.258615493,21.76520802,53.84195991,10.68958007
0.211177974,0.307400948,19.65178149,36.83597891,9.297489246
0.162192916,0.555158329,32.15829527,12.50172378,51.99911327
0.13601065,0.560271324,26.14810549,6.460553336,39.06707844
0.254073407,0.431817628,27.61266597,48.32476269,27.49096884
0.201286199,0.413639995,27.23407042,31.46607534,21.06357989
0.179491893,0.39293724,19.83663373,21.52738587,9.273670723
0.306302607,0.405563539,27.73064408,56.23273965,28.21715768
0.198896415,0.280166087,18.85029988,38.18960034,7.233606449
0.191491092,0.543968112,32.21034983,18.45076422,52.09002303
0.147444904,0.500778491,23.34134097,9.49397582,21.33536422
0.22215973,0.24223144,21.96649844,55.67745592,11.24281343
0.210899275,0.285852877,20.14592031,42.04217769,12.89590669
0.177215377,0.397804372,24.23655435,21.1285065,18.51108282
0.152240542,0.483983556,24.69235752,10.95797438,22.729827
0.306596052,0.39576312,25.38021406,60.38159187,25.62928355
0.217132552,0.544544635,31.19507629,24.91292918,56.04289342
0.164097669,0.442243652,22.74521957,16.75768832,17.74919609
0.262461558,0.289789263,23.24520231,61.45582075,16.3393119
0.223212103,0.344799957,22.86670538,42.51282638,15.9489309
0.178414713,0.497950642,28.99145965,20.37884881,29.64086439
0.144163886,0.531655972,24.60865376,8.576136194,28.00218181
0.28026153,0.462007422,26.44537387,49.86431708,32.22704988
0.193718733,0.329974986,19.46398327,32.41586486,9.19043888
0.162241296,0.418898559,20.33759631,15.66984728,8.882385948
0.288727873,0.531321655,27.79327291,38.14803928,58.31656148
0.204697987,0.546840045,31.43969553,22.8928731,53.51888424
0.159372809,0.50710689,26.87576656,13.7258309,26.77723312
0.242619533,0.261432024,21.75173126,57.99448628,12.53270768
0.287891825,0.480700676,27.26091156,42.12826287,40.8963278
0.218262567,0.529610859,31.76044843,25.411439,46.73077426
0.158899283,0.558244893,30.76269312,10.01731155,48.45370216
0.378307413,0.490809937,24.99283465,57.219638,48.21057093
0.341905045,0.511454924,26.82115776,48.0215529,52.86428249
0.220732734,0.486699888,29.40635227,32.52548625,33.00765727
0.155367132,0.450756176,20.71758797,14.1687667,9.799649725
0.294653763,0.503147609,26.53455162,42.64774781,46.03966648
0.201539538,0.542007986,31.21049427,20.36384173,49.86821305
0.160915995,0.516346043,27.20839029,13.65388062,29.55400013
0.304354115,0.41244033,24.33287548,54.83811,28.12886432
0.210184458,0.3581966,21.43951559,34.5773729,16.24928049
0.205497253,0.366241956,18.95724683,24.99135625,9.276183991
0.148243441,0.561250325,25.44275019,13.19279513,42.35118129
0.308437325,0.426895139,25.9057782,54.94248795,28.66188548
0.238939173,0.368710045,23.36138468,44.79486628,18.66223566
0.185667827,0.393668554,23.35822477,24.69137797,16.25368249
0.154645881,0.560950501,28.02624766,10.86610972,50.08159823
0.298352125,0.460797918,25.42920328,49.62178173,33.07593751
0.204725738,0.523417722,30.95868904,22.58537148,41.43825139
0.150282447,0.501623209,24.09453327,9.798643801,22.58375634
0.288389994,0.420962155,23.87311572,52.94496978,26.8837526
0.211840261,0.545701235,30.70097101,21.05350158,53.21800733
0.155614257,0.513072847,26.44411228,10.496545,26.29056901
0.309611905,0.392308316,24.55050078,58.91511423,23.72780781
0.272824719,0.526191919,25.00268654,35.42745361,50.44997352
0.178875687,0.450138718,22.65197771,20.1085046,19.40691258
0.147846668,0.560493995,23.91750793,7.04041471,40.80174549
0.315613465,0.497460327,23.80337554,46.79558116,41.000801
0.201422573,0.356405862,20.67103355,32.00668891,13.53386886
0.179244598,0.397856227,21.07660719,20.96243616,15.38187388
0.165410909,0.466571157,19.08171011,10.13976019,8.796399821
0.225424424,0.273683818,20.49959351,46.17517261,13.32970711
0.176967207,0.525490393,29.29039136,14.30101052,36.7909076
0.156630741,0.519746484,26.29363802,11.02335317,27.47431002
0.26648161,0.362942401,23.18059738,51.46982027,17.31062919
0.219404527,0.545083122,30.48978594,21.58979484,55.70348508
0.164997037,0.539161649,29.07247455,11.40140319,36.93325575
0.308728309,0.463869464,23.57573748,48.57799462,35.14599547
0.207554273,0.46191492,27.07812825,28.42990563,25.55464299
0.167616057,0.452371608,24.10582311,14.89297754,19.32446782
0.342398179,0.428029345,23.49892611,57.94419242,29.94122665
0.262162014,0.403279767,23.4647171,48.34511159,20.82195973
0.195609146,0.416418912,21.09602058,27.67212716,16.30513375
0.169613598,0.555289326,26.4211556,12.52696895,46.04764483
0.358353847,0.447768956,22.75467659,57.65881324,33.65219357
0.210153565,0.440142108,25.69812761,29.09436285,23.61831798
0.181279119,0.555908513,30.87489744,14.29152526,53.27053371
0.277179123,0.3361583,21.76914142,54.09745472,18.63826145
0.25303833,0.381427236,24.23869371,43.41930836,19.46782461
0.246998285,0.52321142,27.95465672,29.33638462,46.25578467
0.165076018,0.449617135,21.2501127,14.97189882,16.22446255
0.262915912,0.318200022,21.17513052,51.8182926,13.87915399
0.253540429,0.528837369,25.93486705,29.78930414,49.21870111
0.167260165,0.42843476,20.38539347,15.28757234,12.21169796
0.325317058,0.44446933,21.81282351,51.36090408,33.10767668
0.209267974,0.355458418,19.44487902,33.1744025,14.12594747
0.184048901,0.446397904,23.37094855,20.03918889,20.49840333
0.154641624,0.524793086,23.19400873,9.22820801,26.42667463
0.239914247,0.245712337,20.63055526,51.37351742,13.55670449
0.243190265,0.440480484,24.20790832,33.99344483,27.29204849
0.186633124,0.369207547,17.75577012,23.42780787,6.429216165
0.150314441,0.551366758,25.59016142,8.442942347,36.62236417
0.254989017,0.365378324,23.18755949,48.56064796,15.84132333
0.216471541,0.420560748,24.65153582,31.61099485,19.41985214
0.170752521,0.504868115,26.45163972,13.8551015,27.13963623
0.252595156,0.279181985,19.72317942,51.71194538,12.36472909
0.247446084,0.456932058,24.56230188,34.19736831,28.07674496
0.174871588,0.538591668,25.06970995,11.55095764,38.13407418
0.14961046,0.523299345,22.45540736,8.158202285,24.96827317
0.290363933,0.462857143,21.67706555,45.74740433,31.68166051
0.232177903,0.51693611,24.60696845,25.48536462,39.73847113
0.165791848,0.493023661,22.37281058,13.02885575,21.90805279
0.345044138,0.495882457,21.26609423,48.23427509,44.35062235
0.22091074,0.438250626,23.59055412,28.88176194,24.11765216
0.155929152,0.539868356,25.00840027,7.902376381,34.07837924
0.369939919,0.502905545,18.64362741,48.73048606,49.81733139
0.299167215,0.49402074,23.58594566,39.75747207,42.81042577
0.204499444,0.454734681,23.18494889,25.12346188,24.10399192
0.176871133,0.546591134,25.0491081,12.5518825,42.1629127
0.377945335,0.505015484,19.67489547,48.89325068,48.87841182
0.306990448,0.496982369,22.9289475,40.26654894,42.72943011
0.177311852,0.522755997,25.76521159,13.71397075,32.0612771
0.366261981,0.506357827,21.51560647,48.92308199,49.21373666
0.257156265,0.430502112,23.50100194,40.98696067,20.57116918
0.219382333,0.359845821,16.80072039,28.15810362,8.00349823
0.158278744,0.461348626,20.22217585,9.248713956,10.80813226
0.238272271,0.25864858,17.78690121,49.08068469,11.24124681
0.208375671,0.331670054,18.71231574,33.14358335,9.328463183
0.158017967,0.550305162,25.69915707,9.185004625,41.50595052
0.247751088,0.284185072,18.96101855,50.11623841,11.35509853
0.259681243,0.446769626,23.47315934,37.19787261,23.87400215
0.203873924,0.375924261,19.89023624,27.79916767,13.22294313
0.179314832,0.526813465,25.20281291,13.69913776,30.92414721
0.36193539,0.48229791,23.10092646,51.2914125,38.18351045
0.211208341,0.438437907,21.74477041,26.22248728,19.76113078
0.181280005,0.503949939,23.69038243,15.03362766,26.40079839
0.252650683,0.25009552,20.75867574,51.33380679,14.12317515
0.251687498,0.384749444,20.69376317,36.7331831,18.77040799
0.199243514,0.528288317,24.78367392,18.27399438,36.35655312
0.395183946,0.506889632,18.3609581,50.98798194,50.71371045
0.231702001,0.27726737,15.96181694,43.89386289,7.407311284
0.247163564,0.523405195,23.70421943,25.50568494,44.40056507
0.161868591,0.559423661,23.24675285,8.783241594,42.24139259
0.354547632,0.459953685,21.11139192,53.32607467,32.69638695
0.284927223,0.537728474,23.08789443,31.74841061,55.58707606
0.199777542,0.500229985,23.21848726,21.34230282,26.2435353
0.164412936,0.558861695,23.4445359,9.696751442,43.83602361
0.265182186,0.439317262,21.52490448,40.56278307,22.90580312
0.190957612,0.386871311,18.99002314,22.3368217,8.519246209
0.162161106,0.450181655,18.46295157,13.63787997,8.931756409
0.293950552,0.408416623,18.83755948,46.1488202,21.97374435
0.220908154,0.50260945,24.69450441,21.59318422,33.08341841
0.165822447,0.462422142,21.12422734,10.9965264,18.59055113
0.373492537,0.50561194,20.62833481,46.27529612,49.8236462
0.287982979,0.513582311,23.81016845,34.17072146,44.06657428
0.199485401,0.442666965,21.38607954,22.53739175,19.20087612
0.245673273,0.24952192,19.6734397,50.50735442,13.08265499
0.320837806,0.474618233,21.07862759,40.78287007,37.1926726
0.223502408,0.546728026,26.74559184,18.61622018,50.53281502
0.177559238,0.429747584,17.87091947,16.94426605,6.947938166
0.372636913,0.516440683,18.80070834,44.53973978,52.45825826
0.214507228,0.376567683,17.89709103,28.64073626,12.72767879
0.188535544,0.556381037,30.27394267,13.61592002,52.40205037
0.353576578,0.468046629,19.77635942,48.04186878,32.69274389
0.236665437,0.365095906,17.41689627,35.71703555,12.60144831
0.201383703,0.385689526,18.80994997,24.53525293,9.062037154
0.165982916,0.52563718,22.96111888,8.488047531,29.98465672
0.303554932,0.39076881,19.70894814,51.15649943,17.6485161
0.221659058,0.41351478,18.55666377,28.37294015,17.53754435
0.160959534,0.561907191,24.30375794,10.44141773,46.52666415
0.255305088,0.33066573,17.28293933,45.15487472,11.5745822
0.205536332,0.430471453,20.18065594,22.75242104,18.21610007
0.157655666,0.542887004,22.81853734,7.298106187,32.26647204
0.345947968,0.521937309,16.40940367,42.75372923,49.10338002
0.232988616,0.49352568,21.88084237,26.87598466,27.74841842
0.180137573,0.555701813,23.4495553,10.82226286,44.56865657
0.335712003,0.461071467,21.50228177,48.24665977,27.82746609
0.226043169,0.424328223,20.42671114,29.13774129,18.55065333
0.181878618,0.435071051,17.98809532,16.88722781,14.05783692
0.158457043,0.546715812,21.72982431,8.417236399,32.6989472
0.269310841,0.279183568,20.7864941,48.85786639,14.10009885
0.239483943,0.352401872,16.09041117,35.53766648,14.11610405
0.19449968,0.517074111,22.9092618,15.34902004,29.13700899
0.331771619,0.425950925,20.24770586,47.01546748,25.56200806
0.226257119,0.397653702,18.11794683,29.78080244,14.53130185
0.182749812,0.472765381,20.03736754,13.64399032,19.48785919
0.295447239,0.355526356,18.30334368,48.23322323,15.41454512
0.260619235,0.429457729,18.17510207,34.87448164,20.11082436
0.219376124,0.547559913,22.57281157,18.3823306,46.43058035
0.259804065,0.280918263,16.76769602,50.12423078,9.913113681
0.239634268,0.304353011,17.32075245,39.37245744,8.990806636
0.199622336,0.531505118,22.85836028,14.81428769,36.53495957
0.163047731,0.555090962,22.04906562,7.280395108,37.12178726
0.354853943,0.51831613,17.16460582,43.15518353,45.87465801
0.279142961,0.535876407,21.57709496,28.80611819,49.95379321
0.197335062,0.465563583,21.05432593,19.76484618,18.35878844
0.158059633,0.497218941,18.44865269,7.994199936,17.29627229
0.275298467,0.487706912,19.04494582,35.30402413,28.17034906
0.202202661,0.409191402,17.43044623,20.24606815,7.601375108
0.35308445,0.448998446,16.9799936,44.5178764,30.9611866
0.25174288,0.379486835,17.24422368,35.02462498,14.64807381
0.216894869,0.461505662,20.52020553,23.55535172,21.70094132
0.366396632,0.474006506,17.20722614,45.33548321,36.54749655
0.33537678,0.514382722,17.75079991,39.90478729,44.21427485
0.216318639,0.40237819,16.51029325,26.01747373,12.7614753
0.168634402,0.489480003,19.13448856,8.89253386,17.98383767
0.366236223,0.487449678,16.27608607,46.19855383,37.78348028
0.212411278,0.355440516,17.47914711,29.86652015,7.785144699
0.185896156,0.445911225,17.38695801,15.28979153,8.365056665
0.322497861,0.523363986,17.45738334,34.82960608,47.17432218
0.224104515,0.514652573,22.74822458,19.2272786,33.64117382
0.190623642,0.428278786,18.08782755,18.13069568,8.760111998
0.365865032,0.5082273,19.18403142,39.10860058,49.59592133
0.281227655,0.475840163,20.50242754,33.54943584,30.33434719
0.207556015,0.551788545,23.7511243,14.69715822,48.76297791
0.402699663,0.515650218,15.3093493,45.44419466,52.66207534
0.274369962,0.330196878,16.74022648,44.71902163,11.43285295
0.253098082,0.474654968,19.98202022,29.69441127,25.13509594
0.17937978,0.542410519,21.19781528,9.952638318,32.90219875
0.316735626,0.44899415,18.41151764,42.73942798,25.84198788
0.223062141,0.358465426,16.97670205,29.12289231,8.068442405
0.179778017,0.490810167,20.55085062,11.52304509,22.66180268
0.371134879,0.482229806,16.64189674,44.18433825,36.22316095
0.237040083,0.534013065,20.99511678,20.18145815,40.81692213
0.182698622,0.445803398,16.08466742,15.7354562,7.130522174
0.34465593,0.516050512,16.83502793,36.40314776,51.94306043
0.239369186,0.536540913,19.61342181,20.74229066,40.94406806
0.188883452,0.427470947,17.21512884,19.11408472,7.593735211
0.332293788,0.394666497,17.71980068,50.85035589,19.74577064
0.342145518,0.529306963,17.63945595,35.43608396,56.09112079
0.234604419,0.500436565,19.78755524,24.25175874,26.68993329
0.390022875,0.522215379,15.886754,40.07393792,56.56096609
0.265518414,0.512362606,20.88352638,25.37741189,37.16878598
0.198506839,0.551706599,22.61179704,12.46584243,44.65954009
0.383754698,0.525794329,16.60500169,40.74186938,56.86601174
0.246308281,0.397107952,17.26968963,30.05711858,15.09685223
0.208667452,0.418923121,17.99507638,20.49537546,14.85795367
0.165196736,0.527420215,18.24036859,6.925335759,24.18218807
0.242143345,0.375158005,14.80968065,31.51973148,12.77331572
0.199432793,0.529183152,20.99526264,13.90244469,32.18533652
0.265235591,0.2797467,18.82596278,45.46709401,10.95036573
0.280601378,0.400856129,15.63428201,34.94174268,18.550979
0.238742285,0.482691184,18.4601551,23.36135661,26.1559789
0.185884736,0.426150328,18.06925707,18.03047136,8.253879675
0.306505616,0.492689129,17.85106951,33.04635558,35.63115388
0.211734827,0.428757806,18.12989376,20.16330531,16.61445819
0.165938267,0.531164755,18.29253234,6.330534892,23.0291948
0.273635491,0.375656149,16.26714624,40.90888268,12.54805089
0.217893928,0.46184296,18.67100277,20.44452525,22.12749832
0.259050977,0.273786363,17.62717925,46.85665998,9.87596003
0.361189828,0.532789733,23.08610011,38.18227459,64.24213713
0.235791853,0.423017017,16.35973692,26.87007703,16.28817233
0.18976486,0.545603495,20.72422242,10.36820895,36.0068068
0.396443536,0.512866633,15.29461863,44.47588005,48.18842171
0.247636128,0.501087603,19.60469891,22.78892172,29.2865884
0.18788493,0.444492087,15.73560173,16.09914783,6.422416135
0.358227392,0.489628905,16.55256292,39.71244756,38.92311551
0.240315586,0.469629775,19.58668239,22.77199137,23.64970414
0.20110645,0.453082254,18.47425946,16.94798904,17.26829177
0.176303235,0.56012526,21.23820936,13.38760676,46.62022606
0.359560008,0.498773909,16.3011514,39.76092332,39.1541958
0.227918478,0.544539325,20.74745619,16.09973115,43.06939185
0.287968025,0.332394962,16.73952322,42.84833934,10.40088906
0.251211911,0.373182133,15.08486677,29.04644213,13.72310476
0.208327962,0.550617875,20.95090621,12.86042535,46.20374041
0.394162288,0.503152364,14.65312139,43.8968205,44.9145503
0.244764539,0.328621718,16.76843575,34.21210559,8.310920272
0.23372213,0.383590038,16.03395117,24.50520996,7.194192967
0.191271878,0.445444155,18.2104073,13.12580333,14.54818572
0.357893346,0.466117095,16.00225008,41.33341764,31.3300007
0.201933574,0.409957251,16.68762295,18.48442094,8.532182734
0.366061022,0.472677408,16.91041161,40.81315357,34.60502853
0.316604725,0.455531876,17.39461575,35.56158694,24.35888809
0.264796753,0.532944629,18.74132584,23.92582314,42.21762799
0.19580073,0.53924984,19.59733497,11.50465395,31.67067636
0.273004073,0.300723635,17.16880514,43.25356591,12.28138021
0.249582173,0.454087441,17.9285209,24.65627889,22.27386288
0.182806293,0.467757826,18.26341955,10.07681188,16.42680997
0.270066,0.32551386,14.16040306,38.11330138,7.970711637
0.260464593,0.547588482,23.53695423,22.00626007,57.35046924
0.174195809,0.557603897,18.73458595,6.99180359,39.28132136
0.241952517,0.398423749,14.93350579,31.17582513,10.12126002
0.207699194,0.420212669,16.19599165,18.14529504,9.448872553
0.298027243,0.334311884,15.68984496,44.16098175,12.42395642
0.301597687,0.514031811,17.65836639,28.80596192,38.86642793
0.217467794,0.546904262,19.47239188,14.21905028,41.37552759
0.403816119,0.509248631,13.70355981,42.25284172,48.27935053
0.270922474,0.330556707,15.47309724,35.91983372,7.849015058
0.234290179,0.479152088,17.49590435,18.99779372,25.85076616
0.205186064,0.44286884,14.37944454,17.10320779,6.985017039
0.305108117,0.349921655,15.02610495,42.63858871,14.52300912
0.282894863,0.435264136,16.79615757,32.05193714,19.85008818
0.2165035,0.525072927,20.26149446,14.2746501,31.44002664
0.282517413,0.311794473,15.12775495,43.66875269,9.767491438
0.303334151,0.541878484,22.85617623,28.51652903,60.41715677
0.204189807,0.555301837,19.42490316,11.87883605,45.82880432
0.287625927,0.348510865,14.43427818,40.3671847,11.00603676
0.231347559,0.425227822,16.03637703,22.41687983,16.11166715
0.310949151,0.37214054,15.10154927,39.76179533,16.43888558
0.338130546,0.471183563,15.57136554,34.47744946,30.93365184
0.270549725,0.495327018,17.97145684,25.41838238,29.17185052
0.191055163,0.440702709,16.73326163,17.03022757,7.38321042
0.348504328,0.5314991,18.0529866,34.53724294,55.89429062
0.217762989,0.552442456,19.99103422,13.47106172,47.80676507
0.296304474,0.350150415,15.59482229,39.45933414,12.50946164
0.34494359,0.486646154,16.74357774,33.32317147,34.41668446
0.227184255,0.380805825,15.29233392,24.72012248,5.998751547
0.193686303,0.55026582,18.65573374,10.31872485,39.51037111
0.250291349,0.375168086,12.6436272,30.59006005,8.025795632
0.210295614,0.549857803,18.15126285,13.49636199,43.64165964
0.378076992,0.476585207,16.16529332,39.97659793,30.55096617
0.25830792,0.355865061,15.32724792,30.2114952,8.065315452
0.205096225,0.492706905,19.28445164,12.18473776,21.98292376
0.303333794,0.346769954,16.11812133,41.43807312,12.09057296
0.314640266,0.537363532,16.52362836,26.1782679,55.604975
0.226024815,0.521429982,18.66927298,17.25518165,27.72592383
0.377029055,0.499113354,15.77698064,35.34049869,40.55417891
0.245563907,0.484812721,17.51805108,21.59240351,22.19494324
0.182404911,0.518083076,17.09110136,5.01430352,21.81965937
0.363641515,0.531608992,15.16686648,35.92189723,57.46255301
0.294717697,0.536167563,16.7136565,24.05172181,49.1102384
0.19438168,0.454226351,15.66677159,12.79202474,10.19059041
0.406535383,0.514063693,13.30197606,39.32137997,49.95396382
0.284622364,0.500921063,16.92334584,26.94824518,28.43310235
0.198751156,0.539675503,17.14420112,11.64198204,29.16045539
0.305101828,0.361420032,14.0967681,40.32386372,11.82012204
0.255110097,0.500307044,16.8699896,21.83622228,26.34429623
0.19776988,0.439043507,16.0417311,18.05349968,6.964464216
