Type,Bg_RRGGBB, Bg_L,Bg_a,Bg_b,Bg_TD_RRGGBB,Bg_TD_L,Bg_TD_a,Bg_TD_b,Bg_ND_RRGGBB,Bg_ND_L,Bg_ND_a,Bg_ND_b,Fg_L,Fg_a,Fg_b,CS_Fg_L,CS_Fg_a,CS_Fg_b,ComC_Fg_L,ComC_Fg_a,ComC_Fg_b,GammutFlag,CSBin_Fg_L,CSBin_Fg_a,CSBin_Fg_b,Measuredc_Fg_L,Measuredc_Fg_a,Measuredc_Fg_b
DND,0x39469e,32.91127083,24.71398711,-51.44824535,0x213785,25.01743187,22.19335206,-48.55347934,,,,,60.93862641,87.63190887,-49.14976831,36.02277346,55.3969018,-57.54604331,54.42955723,88.88494186,-26.42194876,0,54.42955723,88.88494186,-26.42194876,41.87600176,67.31617042,-78.35511809
DND,0x39469e,32.91127083,24.71398711,-51.44824535,0x213785,25.01743187,22.19335206,-48.55347934,,,,,15.96286606,-26.5519907,22.53485741,21.46864228,-19.65545773,7.86980471,25.87621185,47.64119311,-67.92301649,0,25.87621185,47.64119311,-67.92301649,39.74838819,50.93317641,-81.85346454
DND,0x39469e,32.91127083,24.71398711,-51.44824535,0x213785,25.01743187,22.19335206,-48.55347934,,,,,41.95829169,67.69972452,30.19816238,27.47678762,43.25445303,-3.125862615,28.58087948,73.56115401,-57.72288624,1,28.58087948,73.56115401,-57.72288624,39.25860121,64.57417836,-82.3492795
DND,0x39469e,32.91127083,24.71398711,-51.44824535,0x213785,25.01743187,22.19335206,-48.55347934,,,,,38.67638832,-5.57013274,-23.60776111,39.49612959,0.48264069,-30.20875539,22.56733505,-64.04514494,-37.9373278,1,22.56733505,-64.04514494,-37.9373278,45.15104234,12.38680673,-51.00951294
DND,0x39469e,32.91127083,24.71398711,-51.44824535,0x213785,25.01743187,22.19335206,-48.55347934,,,,,76.09218802,13.44395805,67.04102265,59.46629278,-23.17501446,43.15387628,71.71803199,4.193016512,25.14495686,0,71.71803199,4.193016512,25.14495686,68.54067538,-3.399207983,-20.24362018
DND,0x39469e,32.91127083,24.71398711,-51.44824535,0x213785,25.01743187,22.19335206,-48.55347934,,,,,80.85715742,-47.62589296,23.50394692,59.87066535,-11.29903644,-14.95699841,76.93061532,-66.30529253,104.0191581,1,76.93061532,-66.30529253,104.0191581,65.75645014,-30.83982596,13.08245047
DND,0x39469e,32.91127083,24.71398711,-51.44824535,0x213785,25.01743187,22.19335206,-48.55347934,,,,,18.41192565,46.57358866,-40.24567279,20.53771045,47.08909169,-47.70805346,24.27702758,6.543210673,-51.96454561,1,24.27702758,6.543210673,-51.96454561,42.95847358,27.20132692,-65.59467957
DND,0x39469e,32.91127083,24.71398711,-51.44824535,0x213785,25.01743187,22.19335206,-48.55347934,,,,,29.79566734,13.23962675,-18.26731491,30.9138713,13.00915235,-26.74597255,5.812667752,63.45372181,-85.32501671,1,5.812667752,63.45372181,-85.32501671,33.54165095,57.14596833,-83.26300749
DND,0x39469e,32.91127083,24.71398711,-51.44824535,0x213785,25.01743187,22.19335206,-48.55347934,,,,,57.53075034,18.94367634,4.569593536,51.41055111,8.343894717,-11.01968783,50.30309385,5.219502641,15.95066866,0,50.30309385,5.219502641,15.95066866,57.91344855,4.821078268,-23.84332268
DND,0x39469e,32.91127083,24.71398711,-51.44824535,0x213785,25.01743187,22.19335206,-48.55347934,,,,,20.53332315,4.316347484,-18.50963522,22.10629592,8.650204936,-26.47870928,22.55879432,41.92559665,-64.27573406,0,22.55879432,41.92559665,-64.27573406,39.68134256,48.77212819,-79.47534484
DND,0x39469e,32.91127083,24.71398711,-51.44824535,0x213785,25.01743187,22.19335206,-48.55347934,,,,,47.62920462,41.94102883,31.48524719,38.30507812,13.33938391,8.488123491,37.31239663,34.04193484,-40.05007787,0,37.31239663,34.04193484,-40.05007787,48.26003578,36.66605622,-64.86724244
DND,0x39469e,32.91127083,24.71398711,-51.44824535,0x213785,25.01743187,22.19335206,-48.55347934,,,,,28.90824461,38.43344994,-1.365694848,26.11323818,31.26049208,-15.78506142,8.943968505,-14.79976625,-88.75791259,1,8.943968505,-14.79976625,-88.75791259,41.61072653,40.98058366,-77.87370163
DND,0x39469e,32.91127083,24.71398711,-51.44824535,0x213785,25.01743187,22.19335206,-48.55347934,,,,,95.27125257,-29.11701321,71.64626356,59.35650351,-18.27575231,23.83729479,92.33847091,-39.38353475,85.46822838,1,92.33847091,-39.38353475,85.46822838,68.02061474,-20.09817304,10.08617935
DND,0x39469e,32.91127083,24.71398711,-51.44824535,0x213785,25.01743187,22.19335206,-48.55347934,,,,,85.20257844,-65.1820414,22.79239212,59.02057912,-16.52483113,-21.46212542,81.62483428,-85.10304196,78.94786165,1,81.62483428,-85.10304196,78.94786165,64.7636457,-40.32780142,12.19983926
DND,0x39469e,32.91127083,24.71398711,-51.44824535,0x213785,25.01743187,22.19335206,-48.55347934,,,,,47.57039914,52.35683355,8.096924153,37.02236721,28.67998486,-18.04328186,37.22857519,48.68699669,-28.29550035,0,37.22857519,48.68699669,-28.29550035,46.09640278,44.24430172,-59.32193411
DND,0x39469e,32.91127083,24.71398711,-51.44824535,0x213785,25.01743187,22.19335206,-48.55347934,,,,,62.32457606,13.94248991,-4.412570092,55.5074332,7.464012915,-23.18526585,56.07476482,0.732400393,84.06470044,1,56.07476482,0.732400393,84.06470044,60.90498735,-11.33366842,4.613103565
DND,0x39469e,32.91127083,24.71398711,-51.44824535,0x213785,25.01743187,22.19335206,-48.55347934,,,,,38.75064472,-14.57563752,-9.716595604,39.3861019,-6.279931909,-18.36744386,22.71620569,-33.08723124,-51.37400009,1,22.71620569,-33.08723124,-51.37400009,44.70251981,22.96886121,-60.73731494
DND,0x39469e,32.91127083,24.71398711,-51.44824535,0x213785,25.01743187,22.19335206,-48.55347934,,,,,81.12771471,-18.88878421,18.93637436,61.06301174,-0.599991335,-16.42870163,77.22441096,-31.86814065,81.38566771,1,77.22441096,-31.86814065,81.38566771,67.70249191,-21.29410246,16.33293902
DND,0x39469e,32.91127083,24.71398711,-51.44824535,0x213785,25.01743187,22.19335206,-48.55347934,,,,,62.30359365,-19.16899632,9.695759294,58.67228915,-13.42542882,-3.124433481,56.04998379,-43.66210013,31.03910594,0,56.04998379,-43.66210013,31.03910594,63.90911044,-26.08910215,-8.768077206
DND,0x39469e,32.91127083,24.71398711,-51.44824535,0x213785,25.01743187,22.19335206,-48.55347934,,,,,66.60598702,8.225610857,70.63869885,56.37201955,-24.19925971,59.477262,61.05958344,-4.760369847,-1.154519649,0,61.05958344,-4.760369847,-1.154519649,66.06663598,2.353968738,-33.59285255
DND,0x39469e,32.91127083,24.71398711,-51.44824535,0x213785,25.01743187,22.19335206,-48.55347934,,,,,28.41377437,49.03377728,-34.54748058,26.31760372,49.11297262,-46.43505849,10.43786382,-24.57206758,-66.41138984,1,10.43786382,-24.57206758,-66.41138984,40.06467426,29.98346143,-64.35721804
DND,0x39469e,32.91127083,24.71398711,-51.44824535,0x213785,25.01743187,22.19335206,-48.55347934,,,,,71.54210992,42.41345909,-0.055276394,55.5836672,7.859621436,-24.45030197,66.66057024,36.71981922,55.21625009,0,66.66057024,36.71981922,55.21625009,62.13442837,-5.597444044,-5.365595606
DND,0x39469e,32.91127083,24.71398711,-51.44824535,0x213785,25.01743187,22.19335206,-48.55347934,,,,,52.57500345,-52.63953111,37.49707105,51.19806117,-42.44886721,29.71565009,44.03582928,-155.9067844,-27.53913427,1,44.03582928,-155.9067844,-27.53913427,61.53323836,-2.846306147,-41.36110599
DND,0x39469e,32.91127083,24.71398711,-51.44824535,0x213785,25.01743187,22.19335206,-48.55347934,,,,,52.45038456,-20.46346597,-23.96714621,51.20958149,-5.07881847,-34.23697786,43.8730936,-62.7509001,59.17443836,1,43.8730936,-62.7509001,59.17443836,55.74575927,-29.81233962,-1.500681831
DND,0x39469e,32.91127083,24.71398711,-51.44824535,0x213785,25.01743187,22.19335206,-48.55347934,,,,,90.62314306,4.644543005,23.56132766,60.93576517,-2.017181909,-16.31771728,87.41709564,-3.008928044,68.05739676,0,87.41709564,-3.008928044,68.05739676,68.53339492,-12.79586965,-2.930840619
DND,0x39469e,32.91127083,24.71398711,-51.44824535,0x213785,25.01743187,22.19335206,-48.55347934,,,,,57.4415813,-5.385657278,47.70688467,52.6251122,-16.61415862,34.4990025,50.19337616,-28.79377258,-17.59423882,0,50.19337616,-28.79377258,-17.59423882,60.50705859,-2.629120511,-42.4804778
DND,0x39469e,32.91127083,24.71398711,-51.44824535,0x213785,25.01743187,22.19335206,-48.55347934,,,,,71.52159846,-33.65992911,72.07491998,59.02057912,-32.03326647,65.48232774,66.63756362,-55.04766044,10.72478095,0,66.63756362,-55.04766044,10.72478095,66.46640482,-12.20414488,-29.86307609
DND,0x39469e,32.91127083,24.71398711,-51.44824535,0x213785,25.01743187,22.19335206,-48.55347934,,,,,66.94249941,33.07050205,-14.19799517,55.62425902,9.123200537,-24.6709712,61.44591776,25.35222409,30.05002548,0,61.44591776,25.35222409,30.05002548,61.67147487,0.503784292,-17.96090782
DND,0x39469e,32.91127083,24.71398711,-51.44824535,0x213785,25.01743187,22.19335206,-48.55347934,,,,,52.68186234,-9.750147107,37.44153989,49.09952155,-14.9429556,23.76816744,44.17514188,-42.39762927,-27.20760238,1,44.17514188,-42.39762927,-27.20760238,57.15328501,3.376535578,-48.25479223
DND,0x39469e,32.91127083,24.71398711,-51.44824535,0x213785,25.01743187,22.19335206,-48.55347934,,,,,57.14305632,-48.01611313,18.32625533,55.40553433,-34.19425214,8.819404125,49.82534381,-103.6617632,-1.605978409,1,49.82534381,-103.6617632,-1.605978409,63.61469288,-17.21640729,-23.76318334
DND,0x39469e,32.91127083,24.71398711,-51.44824535,0x213785,25.01743187,22.19335206,-48.55347934,,,,,48.00248698,37.40767412,8.909812226,41.4062083,19.05387095,-11.23608305,37.84197765,27.53006395,-27.2863935,0,37.84197765,27.53006395,-27.2863935,49.30146721,29.61606343,-52.71851725
DND,0x39469e,32.91127083,24.71398711,-51.44824535,0x213785,25.01743187,22.19335206,-48.55347934,,,,,76.15566381,-38.5386841,-0.362560021,59.78017067,-11.59213442,-20.05011061,71.78798862,-57.9805713,43.29570135,0,71.78798862,-57.9805713,43.29570135,66.10524468,-22.91300077,-10.86660847
DND,0x39469e,32.91127083,24.71398711,-51.44824535,0x213785,25.01743187,22.19335206,-48.55347934,,,,,15.96286606,-26.5519907,22.53485741,21.46864228,-19.65545773,7.86980471,25.87621185,47.64119311,-67.92301649,0,25.87621185,47.64119311,-67.92301649,39.74838819,50.93317641,-81.85346454
DND,0x39469e,32.91127083,24.71398711,-51.44824535,0x213785,25.01743187,22.19335206,-48.55347934,,,,,52.65777936,13.78631594,18.54561124,47.68795762,2.598366548,3.795332508,44.14376332,-4.856225725,-17.54048892,0,44.14376332,-4.856225725,-17.54048892,54.37540334,8.017223133,-44.417275
DND,0x39469e,32.91127083,24.71398711,-51.44824535,0x213785,25.01743187,22.19335206,-48.55347934,,,,,90.51376898,-10.65138622,89.5699458,58.47581915,-26.4413553,63.62555215,87.30082352,-19.93657853,53.29299599,0,87.30082352,-19.93657853,53.29299599,69.01124029,-8.10494306,-13.623293
DND,0x39469e,32.91127083,24.71398711,-51.44824535,0x213785,25.01743187,22.19335206,-48.55347934,,,,,76.17407946,42.53796192,-9.693540992,59.29231175,3.118114385,-18.94679375,71.80828168,37.22604917,25.046297,0,71.80828168,37.22604917,25.046297,66.3821616,0.959366023,-26.57254638
DND,0x39469e,32.91127083,24.71398711,-51.44824535,0x213785,25.01743187,22.19335206,-48.55347934,,,,,57.51315503,9.118575551,-33.07135736,53.06421948,4.947583216,-30.18125433,50.28145145,-8.101192879,4.994530493,0,50.28145145,-8.101192879,4.994530493,58.58353807,-2.185170707,-29.1206103
DND,0x39469e,32.91127083,24.71398711,-51.44824535,0x213785,25.01743187,22.19335206,-48.55347934,,,,,20.55759744,-4.918285583,20.2647206,25.2140669,-8.568889015,7.954866119,22.53697625,47.10585296,-72.78166198,0,22.53697625,47.10585296,-72.78166198,39.7316419,49.44629266,-81.77401644
DND,0x39469e,32.91127083,24.71398711,-51.44824535,0x213785,25.01743187,22.19335206,-48.55347934,,,,,76.3333654,8.511596108,72.98248358,59.17280724,-24.69759609,53.90398065,71.98375325,-1.448821707,22.90885272,0,71.98375325,-1.448821707,22.90885272,68.71503148,-1.446145166,-21.76272783
DND,0x39469e,32.91127083,24.71398711,-51.44824535,0x213785,25.01743187,22.19335206,-48.55347934,,,,,56.50099934,67.44142743,31.19315537,35.89750977,24.9284391,-7.660650017,49.02996529,66.18914478,-12.84170347,0,49.02996529,66.18914478,-12.84170347,47.39155045,45.36662283,-59.39247783
DND,0x39469e,32.91127083,24.71398711,-51.44824535,0x213785,25.01743187,22.19335206,-48.55347934,,,,,25.16743761,7.706901663,-27.6515539,27.69588694,11.0779192,-33.91862809,17.11683661,47.65993975,-64.93725325,0,17.11683661,47.65993975,-64.93725325,35.6549038,52.22033065,-78.72815695
DND,0x39469e,32.91127083,24.71398711,-51.44824535,0x213785,25.01743187,22.19335206,-48.55347934,,,,,48.25864082,-19.09851276,32.71426931,45.37285718,-20.50139645,17.97316287,38.20295603,-76.24120439,-38.56503376,1,38.20295603,-76.24120439,-38.56503376,56.06776419,8.486578391,-52.41579612
DND,0x39469e,32.91127083,24.71398711,-51.44824535,0x213785,25.01743187,22.19335206,-48.55347934,,,,,28.96664798,40.78652287,-61.31434759,29.42507571,48.75326804,-70.00914514,8.752959791,-27.2255845,-3.792106409,1,8.752959791,-27.2255845,-3.792106409,35.08310408,11.04401157,-41.16596217
DND,0x39469e,32.91127083,24.71398711,-51.44824535,0x213785,25.01743187,22.19335206,-48.55347934,,,,,42.15263258,58.21952093,25.45159609,31.43985539,30.6579942,-1.110969088,28.90804709,59.55567376,-55.67664008,0,28.90804709,59.55567376,-55.67664008,39.42847194,62.01345227,-81.37062014
DND,0x39469e,32.91127083,24.71398711,-51.44824535,0x213785,25.01743187,22.19335206,-48.55347934,,,,,29.4334635,27.71639111,-18.62928153,29.80019654,25.7472843,-26.67385352,7.121071607,27.95763108,-83.23269327,1,7.121071607,27.95763108,-83.23269327,37.69846607,43.23768323,-76.7306762
DND,0x39469e,32.91127083,24.71398711,-51.44824535,0x213785,25.01743187,22.19335206,-48.55347934,,,,,62.30359365,-19.16899632,9.695759294,58.67228915,-13.42542882,-3.124433481,56.04998379,-43.66210013,31.03910594,0,56.04998379,-43.66210013,31.03910594,63.90911044,-26.08910215,-8.768077206
DND,0x39469e,32.91127083,24.71398711,-51.44824535,0x213785,25.01743187,22.19335206,-48.55347934,,,,,29.79566734,13.23962675,-18.26731491,30.9138713,13.00915235,-26.74597255,5.812667752,63.45372181,-85.32501671,1,5.812667752,63.45372181,-85.32501671,33.54165095,57.14596833,-83.26300749
DND,0x39469e,32.91127083,24.71398711,-51.44824535,0x213785,25.01743187,22.19335206,-48.55347934,,,,,80.91526887,-47.72691725,28.07771654,59.47086041,-13.3591631,-9.305884327,76.99373618,-66.39440029,115.4798597,1,76.99373618,-66.39440029,115.4798597,66.52756469,-31.72298891,14.74231357
DND,0x39469e,32.91127083,24.71398711,-51.44824535,0x213785,25.01743187,22.19335206,-48.55347934,,,,,85.67234479,-18.84828756,32.79524027,60.79927589,-5.101622935,-9.539643972,82.12939811,-30.36181934,120.296032,1,82.12939811,-30.36181934,120.296032,67.52387842,-23.20806417,16.55049036
DND,0x39469e,32.91127083,24.71398711,-51.44824535,0x213785,25.01743187,22.19335206,-48.55347934,,,,,57.51315503,9.118575551,-33.07135736,53.06421948,4.947583216,-30.18125433,50.28145145,-8.101192879,4.994530493,0,50.28145145,-8.101192879,4.994530493,58.58353807,-2.185170707,-29.1206103
DND,0x39469e,32.91127083,24.71398711,-51.44824535,0x213785,25.01743187,22.19335206,-48.55347934,,,,,57.4415813,-5.385657278,47.70688467,52.6251122,-16.61415862,34.4990025,50.19337616,-28.79377258,-17.59423882,0,50.19337616,-28.79377258,-17.59423882,60.50705859,-2.629120511,-42.4804778
DND,0x39469e,32.91127083,24.71398711,-51.44824535,0x213785,25.01743187,22.19335206,-48.55347934,,,,,57.51315503,9.118575551,-33.07135736,53.06421948,4.947583216,-30.18125433,50.28145145,-8.101192879,4.994530493,0,50.28145145,-8.101192879,4.994530493,58.58353807,-2.185170707,-29.1206103
DND,0x39469e,32.91127083,24.71398711,-51.44824535,0x213785,25.01743187,22.19335206,-48.55347934,,,,,15.94943723,3.316364899,23.33707322,19.720616,-2.732893627,14.84402041,25.88403051,38.06036097,-67.98147576,0,25.88403051,38.06036097,-67.98147576,40.92859708,44.65228582,-79.98857443
DND,0x39469e,32.91127083,24.71398711,-51.44824535,0x213785,25.01743187,22.19335206,-48.55347934,,,,,90.42551588,-23.54899942,4.548611905,61.15489414,-0.597731799,-15.97852799,87.20698771,-34.37289306,34.4745376,0,87.20698771,-34.37289306,34.4745376,68.91032809,1.581550066,-29.88811183
DND,0x39469e,32.91127083,24.71398711,-51.44824535,0x213785,25.01743187,22.19335206,-48.55347934,,,,,66.8087522,-18.74550256,18.86048193,59.57576353,-14.85100968,2.944916286,61.2924552,-39.09253743,37.64342861,0,61.2924552,-39.09253743,37.64342861,66.16694317,-22.14172815,-4.348744246
DND,0x39469e,32.91127083,24.71398711,-51.44824535,0x213785,25.01743187,22.19335206,-48.55347934,,,,,29.82429276,21.68454874,-55.39850645,31.94311224,32.84782263,-62.1332321,5.708376348,45.97841929,-32.96707955,1,5.708376348,45.97841929,-32.96707955,30.61648836,36.28972325,-58.11620536
DND,0x39469e,32.91127083,24.71398711,-51.44824535,0x213785,25.01743187,22.19335206,-48.55347934,,,,,66.37823821,71.85286406,-43.16532647,45.96795041,29.22967147,-40.20122155,60.79770194,70.15266081,-20.49603462,0,60.79770194,70.15266081,-20.49603462,53.63220732,36.28291416,-57.51284313
DND,0x39469e,32.91127083,24.71398711,-51.44824535,0x213785,25.01743187,22.19335206,-48.55347934,,,,,60.34848756,13.07847735,62.95984772,51.83155795,-15.17637099,48.71038941,53.72363313,-1.238368493,-14.65152613,0,53.72363313,-1.238368493,-14.65152613,61.28142072,9.511199561,-43.45027039
DND,0x39469e,32.91127083,24.71398711,-51.44824535,0x213785,25.01743187,22.19335206,-48.55347934,,,,,38.75064472,-14.57563752,-9.716595604,39.3861019,-6.279931909,-18.36744386,22.71620569,-33.08723124,-51.37400009,1,22.71620569,-33.08723124,-51.37400009,44.70251981,22.96886121,-60.73731494
DND,0x39469e,32.91127083,24.71398711,-51.44824535,0x213785,25.01743187,22.19335206,-48.55347934,,,,,52.53545963,32.35172369,-61.47072242,46.10989321,17.71209369,-41.64742819,43.98422192,21.48518293,-41.11959017,0,43.98422192,21.48518293,-41.11959017,53.34126155,24.65447598,-58.8340555
DND,0x39469e,32.91127083,24.71398711,-51.44824535,0x213785,25.01743187,22.19335206,-48.55347934,,,,,85.76334776,-24.62562467,72.31335836,59.55298328,-21.94803223,38.88412095,82.22708121,-36.94544329,50.48640773,0,82.22708121,-36.94544329,50.48640773,68.63520744,-10.17557882,-8.860870066
DND,0x39469e,32.91127083,24.71398711,-51.44824535,0x213785,25.01743187,22.19335206,-48.55347934,,,,,33.95784184,22.57833606,27.33789769,31.58965432,11.22610057,11.99234722,10.49314261,-38.48948753,-91.36242663,1,10.49314261,-38.48948753,-91.36242663,42.36884934,42.25082386,-77.5130983
DND,0x39469e,32.91127083,24.71398711,-51.44824535,0x213785,25.01743187,22.19335206,-48.55347934,,,,,52.31830818,47.19572231,8.460705995,40.86430725,22.74087917,-18.0512172,43.70029941,41.31744202,-10.77343018,0,43.70029941,41.31744202,-10.77343018,49.54458735,32.1065787,-46.99538179
DND,0x39469e,32.91127083,24.71398711,-51.44824535,0x213785,25.01743187,22.19335206,-48.55347934,,,,,43.08887065,42.26997062,4.135819044,37.46286396,27.14521159,-13.15420829,30.44983612,34.54495175,-42.52169462,0,30.44983612,34.54495175,-42.52169462,45.15104234,35.34906869,-62.59006426
DND,0x39469e,32.91127083,24.71398711,-51.44824535,0x213785,25.01743187,22.19335206,-48.55347934,,,,,52.68186234,-9.750147107,37.44153989,49.09952155,-14.9429556,23.76816744,44.17514188,-42.39762927,-27.20760238,1,44.17514188,-42.39762927,-27.20760238,57.15328501,3.376535578,-48.25479223
DND,0x39469e,32.91127083,24.71398711,-51.44824535,0x213785,25.01743187,22.19335206,-48.55347934,,,,,33.97751852,22.05017002,44.1800913,32.31373428,4.582619614,28.57918605,10.56295294,-41.1310335,-93.49853343,1,10.56295294,-41.1310335,-93.49853343,42.1080652,42.30470455,-78.33237896
DND,0x39469e,32.91127083,24.71398711,-51.44824535,0x213785,25.01743187,22.19335206,-48.55347934,,,,,62.00190549,-33.54342845,52.81743406,58.16496977,-34.54572528,45.88564161,55.69326044,-65.29876216,-7.080941184,1,55.69326044,-65.29876216,-7.080941184,66.3438122,-14.37597393,-31.28225875
DND,0x39469e,32.91127083,24.71398711,-51.44824535,0x213785,25.01743187,22.19335206,-48.55347934,,,,,21.26067784,47.73658577,-32.23333858,21.18859711,47.58211531,-43.48196489,21.88091411,-1.850288753,-58.08458093,1,21.88091411,-1.850288753,-58.08458093,43.41887326,29.68751651,-67.29400482
DND,0x39469e,32.91127083,24.71398711,-51.44824535,0x213785,25.01743187,22.19335206,-48.55347934,,,,,51.99492697,6.541865374,-55.76942765,48.23482588,0.583293956,-38.69445631,43.27580661,-16.52093245,-31.70592997,0,43.27580661,-16.52093245,-31.70592997,54.9691848,11.05469231,-54.70918191
DND,0x39469e,32.91127083,24.71398711,-51.44824535,0x213785,25.01743187,22.19335206,-48.55347934,,,,,47.57039914,52.35683355,8.096924153,37.02236721,28.67998486,-18.04328186,37.22857519,48.68699669,-28.29550035,0,37.22857519,48.68699669,-28.29550035,46.09640278,44.24430172,-59.32193411
DND,0x39469e,32.91127083,24.71398711,-51.44824535,0x213785,25.01743187,22.19335206,-48.55347934,,,,,13.24442394,32.40089471,16.99338041,15.85039121,17.13987244,-2.604870473,27.28137186,23.52414863,-65.42576943,1,27.28137186,23.52414863,-65.42576943,44.63183679,38.02792567,-73.6499729
DND,0x39469e,32.91127083,24.71398711,-51.44824535,0x213785,25.01743187,22.19335206,-48.55347934,,,,,90.51376898,-10.65138622,89.5699458,58.47581915,-26.4413553,63.62555215,87.30082352,-19.93657853,53.29299599,0,87.30082352,-19.93657853,53.29299599,69.01124029,-8.10494306,-13.623293
DND,0x39469e,32.91127083,24.71398711,-51.44824535,0x213785,25.01743187,22.19335206,-48.55347934,,,,,47.22337773,57.56009575,2.864568131,34.64062977,37.14446178,-24.88139498,36.73168076,55.8993454,-25.58156099,0,36.73168076,55.8993454,-25.58156099,44.51839998,48.22654047,-58.58279897
DND,0x39469e,32.91127083,24.71398711,-51.44824535,0x213785,25.01743187,22.19335206,-48.55347934,,,,,48.20584044,-0.712804515,28.20879707,45.75039795,-5.637273371,15.58792689,38.12870673,-35.14128576,-37.03948336,1,38.12870673,-35.14128576,-37.03948336,52.92759897,14.84454998,-55.65314357
DND,0x39469e,32.91127083,24.71398711,-51.44824535,0x213785,25.01743187,22.19335206,-48.55347934,,,,,76.27384353,-14.21756388,18.74959738,60.85216797,-3.564572095,-10.93392995,71.91819421,-28.18841685,121.5346294,1,71.91819421,-28.18841685,121.5346294,67.71734199,-23.00170592,17.48998179
DND,0x39469e,32.91127083,24.71398711,-51.44824535,0x213785,25.01743187,22.19335206,-48.55347934,,,,,76.07442525,-48.31254952,-0.6246258,58.73754994,-16.07513137,-21.54518603,71.69845293,-70.4342746,42.8768194,0,71.69845293,-70.4342746,42.8768194,65.74087896,-27.04258061,-10.28351508
DND,0x39469e,32.91127083,24.71398711,-51.44824535,0x213785,25.01743187,22.19335206,-48.55347934,,,,,57.1015456,27.0637587,64.14468614,46.93510502,-8.629467729,46.91698732,49.77407983,15.77229148,-23.03354791,0,49.77407983,15.77229148,-23.03354791,57.38588844,20.991832,-51.59077787
DND,0x39469e,32.91127083,24.71398711,-51.44824535,0x213785,25.01743187,22.19335206,-48.55347934,,,,,43.14510379,45.89605188,-70.98979001,36.64022753,36.28411744,-57.58035936,30.54074369,40.26375272,-53.59956734,0,30.54074369,40.26375272,-53.59956734,44.30455226,43.58772775,-73.69592904
DND,0x39469e,32.91127083,24.71398711,-51.44824535,0x213785,25.01743187,22.19335206,-48.55347934,,,,,41.92479941,64.13940678,-6.985732527,31.2541789,45.4382772,-33.07341618,28.52423204,68.47055891,-39.13186834,1,28.52423204,68.47055891,-39.13186834,37.24352667,62.14293673,-70.94094081
DND,0x39469e,32.91127083,24.71398711,-51.44824535,0x213785,25.01743187,22.19335206,-48.55347934,,,,,41.58247458,79.15685235,-73.26397875,30.02235133,69.44288924,-67.37577665,27.94063889,90.08194525,-57.37910417,1,27.94063889,90.08194525,-57.37910417,41.59504587,65.21609931,-77.32951605
DND,0x39469e,32.91127083,24.71398711,-51.44824535,0x213785,25.01743187,22.19335206,-48.55347934,,,,,47.71671804,46.26907853,-76.03745278,40.86430725,27.57256071,-50.791118,37.43693819,40.19369001,-61.79285893,0,37.43693819,40.19369001,-61.79285893,47.49496263,36.63067498,-68.50503389
DND,0x39469e,32.91127083,24.71398711,-51.44824535,0x213785,25.01743187,22.19335206,-48.55347934,,,,,38.71911091,-18.68400276,-0.602164445,38.68178292,-11.09223549,-11.0857262,22.65307665,-22.26588311,-57.66722015,1,22.65307665,-22.26588311,-57.66722015,45.1371254,27.08424115,-64.94979134
DND,0x39469e,32.91127083,24.71398711,-51.44824535,0x213785,25.01743187,22.19335206,-48.55347934,,,,,52.57500345,-52.63953111,37.49707105,51.19806117,-42.44886721,29.71565009,44.03582928,-155.9067844,-27.53913427,1,44.03582928,-155.9067844,-27.53913427,61.53323836,-2.846306147,-41.36110599
DND,0x39469e,32.91127083,24.71398711,-51.44824535,0x213785,25.01743187,22.19335206,-48.55347934,,,,,76.07442525,-48.31254952,-0.6246258,58.73754994,-16.07513137,-21.54518603,71.69845293,-70.4342746,42.8768194,0,71.69845293,-70.4342746,42.8768194,65.74087896,-27.04258061,-10.28351508
DND,0x39469e,32.91127083,24.71398711,-51.44824535,0x213785,25.01743187,22.19335206,-48.55347934,,,,,76.08663777,-48.01785319,67.96740898,58.27830705,-32.36307734,47.45204716,71.71191433,-70.0464333,24.64591689,1,71.71191433,-70.0464333,24.64591689,66.12839248,-18.08427593,-24.44715496
DND,0x39469e,32.91127083,24.71398711,-51.44824535,0x213785,25.01743187,22.19335206,-48.55347934,,,,,52.6024821,17.54751726,-56.78840408,48.20959617,7.092445211,-38.91321205,44.07167372,0.630461058,-33.73722338,0,44.07167372,0.630461058,-33.73722338,54.58488635,17.73690451,-56.58205958
DND,0x39469e,32.91127083,24.71398711,-51.44824535,0x213785,25.01743187,22.19335206,-48.55347934,,,,,86.75366434,-83.83384541,82.29939728,56.55532843,-50.66919647,58.94292877,83.28884495,-107.0698852,46.82863746,1,83.28884495,-107.0698852,46.82863746,65.36537724,-21.21125669,-19.37301216
DND,0x39469e,32.91127083,24.71398711,-51.44824535,0x213785,25.01743187,22.19335206,-48.55347934,,,,,76.14322056,-33.56472162,-4.901634048,59.82544501,-9.964767525,-19.05527533,71.77427609,-51.78881763,33.99845109,0,71.77427609,-51.78881763,33.99845109,66.86991194,-18.88870498,-14.60696112
DND,0x39469e,32.91127083,24.71398711,-51.44824535,0x213785,25.01743187,22.19335206,-48.55347934,,,,,51.99492697,6.541865374,-55.76942765,48.23482588,0.583293956,-38.69445631,43.27580661,-16.52093245,-31.70592997,0,43.27580661,-16.52093245,-31.70592997,54.9691848,11.05469231,-54.70918191
DND,0x39469e,32.91127083,24.71398711,-51.44824535,0x213785,25.01743187,22.19335206,-48.55347934,,,,,66.51665035,41.84959707,56.48346735,50.13273172,-10.06809633,26.16397569,60.956898,35.63072847,3.7071963,0,60.956898,35.63072847,3.7071963,60.64901797,14.72126274,-39.6942417
DND,0x39469e,32.91127083,24.71398711,-51.44824535,0x213785,25.01743187,22.19335206,-48.55347934,,,,,47.97178038,-28.04758655,-9.481025119,46.84301757,-13.61727849,-19.11370404,37.7985742,-107.0400295,-9.156582442,1,37.7985742,-107.0400295,-9.156582442,55.04142337,-9.805256398,-31.80616981
DND,0x39469e,32.91127083,24.71398711,-51.44824535,0x213785,25.01743187,22.19335206,-48.55347934,,,,,80.89037852,-33.94999476,72.71730114,59.34275734,-23.65463795,49.83752488,76.96670146,-49.75030048,35.62417643,0,76.96670146,-49.75030048,35.62417643,67.61328055,-12.44940031,-17.5462636
DND,0x39469e,32.91127083,24.71398711,-51.44824535,0x213785,25.01743187,22.19335206,-48.55347934,,,,,20.81473721,-13.59472642,-9.266597317,26.27397729,-8.583771957,-10.84674869,22.30251816,51.74484656,-67.6988389,0,22.30251816,51.74484656,-67.6988389,38.98461542,55.46064056,-82.96904143
DND,0x39469e,32.91127083,24.71398711,-51.44824535,0x213785,25.01743187,22.19335206,-48.55347934,,,,,32.54833831,48.46081152,35.87000457,28.22093396,27.32708598,12.95514234,4.824486458,67.20782762,-102.7812153,1,4.824486458,67.20782762,-102.7812153,35.3212572,64.16101139,-89.06014079
DND,0x39469e,32.91127083,24.71398711,-51.44824535,0x213785,25.01743187,22.19335206,-48.55347934,,,,,38.67638832,-5.57013274,-23.60776111,39.49612959,0.48264069,-30.20875539,22.56733505,-64.04514494,-37.9373278,1,22.56733505,-64.04514494,-37.9373278,45.15104234,12.38680673,-51.00951294
DND,0x39469e,32.91127083,24.71398711,-51.44824535,0x213785,25.01743187,22.19335206,-48.55347934,,,,,45.09203316,79.6987129,-56.61576009,30.96110402,71.22823075,-66.94219033,33.58605151,86.6837421,-28.22193617,1,33.58605151,86.6837421,-28.22193617,38.39315009,64.23240599,-68.32754568
DND,0x39469e,32.91127083,24.71398711,-51.44824535,0x213785,25.01743187,22.19335206,-48.55347934,,,,,90.4261303,-52.48599773,51.91459728,59.89325531,-14.23657501,6.089201129,87.20764107,-67.3618896,98.63441076,1,87.20764107,-67.3618896,98.63441076,67.08904558,-25.60012155,14.97691143
DND,0x39469e,32.91127083,24.71398711,-51.44824535,0x213785,25.01743187,22.19335206,-48.55347934,,,,,37.55969807,58.75622382,-29.88364358,31.70424579,51.40398558,-48.68487651,20.22966857,66.51985388,-35.86857912,1,20.22966857,66.51985388,-35.86857912,36.49902453,49.910057,-61.74296766
DND,0x39469e,32.91127083,24.71398711,-51.44824535,0x213785,25.01743187,22.19335206,-48.55347934,,,,,66.60264125,-52.90184363,52.14240298,57.76553537,-37.62281417,40.15680913,61.0557386,-87.68547005,6.004303147,1,61.0557386,-87.68547005,6.004303147,65.84198577,-15.7654026,-26.88999398
DND,0x39469e,32.91127083,24.71398711,-51.44824535,0x213785,25.01743187,22.19335206,-48.55347934,,,,,61.87793862,37.68194211,42.00469188,47.92438544,-2.858810789,17.97762613,55.54644942,30.14007861,-2.454817821,0,55.54644942,30.14007861,-2.454817821,59.0020852,17.45830404,-39.86349255
DND,0x39469e,32.91127083,24.71398711,-51.44824535,0x213785,25.01743187,22.19335206,-48.55347934,,,,,33.5810507,25.37755658,-61.78159534,33.28594755,29.85496701,-62.73205251,9.09046466,-26.19719445,-31.4463426,1,9.09046466,-26.19719445,-31.4463426,36.34756599,17.51411245,-50.33558738
DND,0x39469e,32.91127083,24.71398711,-51.44824535,0x213785,25.01743187,22.19335206,-48.55347934,,,,,61.77444476,57.04298864,-0.456948465,45.51068126,28.17432666,-34.95715573,55.42378041,53.3133108,53.28199107,0,55.42378041,53.3133108,53.28199107,50.52300902,13.31821926,-17.68000825
DND,0x39469e,32.91127083,24.71398711,-51.44824535,0x213785,25.01743187,22.19335206,-48.55347934,,,,,76.14322056,-33.56472162,-4.901634048,59.82544501,-9.964767525,-19.05527533,71.77427609,-51.78881763,33.99845109,0,71.77427609,-51.78881763,33.99845109,66.86991194,-18.88870498,-14.60696112
DND,0x39469e,32.91127083,24.71398711,-51.44824535,0x213785,25.01743187,22.19335206,-48.55347934,,,,,62.06980207,-32.54087053,-14.15987855,58.40539946,-16.26662797,-23.42199688,55.77361175,-63.65532091,43.57565968,1,55.77361175,-63.65532091,43.57565968,64.33058834,-35.1646311,1.522045312
DND,0x39469e,32.91127083,24.71398711,-51.44824535,0x213785,25.01743187,22.19335206,-48.55347934,,,,,25.16313635,-4.370925519,8.548339789,27.83171587,-6.911822201,-1.434626512,17.1234813,57.78719441,-79.21756677,0,17.1234813,57.78719441,-79.21756677,34.45736896,63.56678943,-90.82112678
DND,0x39469e,32.91127083,24.71398711,-51.44824535,0x213785,25.01743187,22.19335206,-48.55347934,,,,,57.39384381,32.8958932,-42.54770393,49.9538003,18.61760146,-34.5646815,50.13459776,23.39704038,-13.16385909,0,50.13459776,23.39704038,-13.16385909,57.19215499,22.51904714,-45.04678596
DND,0x39469e,32.91127083,24.71398711,-51.44824535,0x213785,25.01743187,22.19335206,-48.55347934,,,,,36.22563889,60.7834402,33.82528104,27.50429587,33.24076029,9.791589037,17.12819391,73.48916951,-80.37513658,1,17.12819391,73.48916951,-80.37513658,36.13786846,61.92734226,-87.14571741
DND,0x39469e,32.91127083,24.71398711,-51.44824535,0x213785,25.01743187,22.19335206,-48.55347934,,,,,45.09203316,79.6987129,-56.61576009,30.96110402,71.22823075,-66.94219033,33.58605151,86.6837421,-28.22193617,1,33.58605151,86.6837421,-28.22193617,38.39315009,64.23240599,-68.32754568
DND,0x39469e,32.91127083,24.71398711,-51.44824535,0x213785,25.01743187,22.19335206,-48.55347934,,,,,38.2456562,-35.19773417,12.67831082,38.88116341,-25.67885323,4.764093108,21.68856548,13.15003595,-66.02594102,1,21.68856548,13.15003595,-66.02594102,42.53635804,38.5537764,-75.46286925
DND,0x39469e,32.91127083,24.71398711,-51.44824535,0x213785,25.01743187,22.19335206,-48.55347934,,,,,52.68186234,-9.750147107,37.44153989,49.09952155,-14.9429556,23.76816744,44.17514188,-42.39762927,-27.20760238,1,44.17514188,-42.39762927,-27.20760238,57.15328501,3.376535578,-48.25479223
DND,0x39469e,32.91127083,24.71398711,-51.44824535,0x213785,25.01743187,22.19335206,-48.55347934,,,,,65.84217015,-57.09138421,65.35831707,57.7129072,-44.84449821,57.18245766,60.17994538,-95.67037395,-1.459072344,1,60.17994538,-95.67037395,-1.459072344,66.58863404,-12.84265876,-31.66418466
DND,0x39469e,32.91127083,24.71398711,-51.44824535,0x213785,25.01743187,22.19335206,-48.55347934,,,,,37.2924652,63.95184972,-2.247398314,27.99360734,51.20170659,-25.76368908,19.63896612,75.79655182,-63.33326696,1,19.63896612,75.79655182,-63.33326696,37.44465454,59.66927955,-78.97718751
DND,0x39469e,32.91127083,24.71398711,-51.44824535,0x213785,25.01743187,22.19335206,-48.55347934,,,,,47.97178038,-28.04758655,-9.481025119,46.84301757,-13.61727849,-19.11370404,37.7985742,-107.0400295,-9.156582442,1,37.7985742,-107.0400295,-9.156582442,55.04142337,-9.805256398,-31.80616981
DND,0x39469e,32.91127083,24.71398711,-51.44824535,0x213785,25.01743187,22.19335206,-48.55347934,,,,,62.28137867,8.914448515,-13.78965894,56.16280751,6.780171758,-24.67377146,56.02374301,-5.737762146,44.02562803,0,56.02374301,-5.737762146,44.02562803,61.92078181,-8.886695305,-5.258038829
DND,0x39469e,32.91127083,24.71398711,-51.44824535,0x213785,25.01743187,22.19335206,-48.55347934,,,,,81.10679215,-36.54578917,-23.4470965,58.52269173,-18.05469244,-21.67705938,77.201699,-52.75330877,-0.355965594,0,77.201699,-52.75330877,-0.355965594,66.80166877,-9.640449904,-36.33937232
DND,0x39469e,32.91127083,24.71398711,-51.44824535,0x213785,25.01743187,22.19335206,-48.55347934,,,,,57.53075034,18.94367634,4.569593536,51.41055111,8.343894717,-11.01968783,50.30309385,5.219502641,15.95066866,0,50.30309385,5.219502641,15.95066866,57.91344855,4.821078268,-23.84332268
DND,0x39469e,32.91127083,24.71398711,-51.44824535,0x213785,25.01743187,22.19335206,-48.55347934,,,,,48.17278848,9.58479785,-19.01742107,45.88654743,10.96121983,-30.499569,38.08218662,-16.31031772,9.039651143,0,38.08218662,-16.31031772,9.039651143,50.71059693,-2.064722393,-28.86441646
DND,0x39469e,32.91127083,24.71398711,-51.44824535,0x213785,25.01743187,22.19335206,-48.55347934,,,,,65.94872374,-0.877413348,68.47506776,57.38105756,-26.99498114,59.18456557,60.30288891,-16.4718886,-2.158580536,0,60.30288891,-16.4718886,-2.158580536,66.36682612,-4.274906458,-32.61066803
DND,0x39469e,32.91127083,24.71398711,-51.44824535,0x213785,25.01743187,22.19335206,-48.55347934,,,,,38.75064472,-14.57563752,-9.716595604,39.3861019,-6.279931909,-18.36744386,22.71620569,-33.08723124,-51.37400009,1,22.71620569,-33.08723124,-51.37400009,44.70251981,22.96886121,-60.73731494
DND,0x39469e,32.91127083,24.71398711,-51.44824535,0x213785,25.01743187,22.19335206,-48.55347934,,,,,61.94066062,-47.98532477,37.43073356,57.58340934,-38.40862327,27.17503666,55.6207465,-88.84039934,0.379294809,1,55.6207465,-88.84039934,0.379294809,65.99704863,-16.70421306,-25.13424104
DND,0x39469e,32.91127083,24.71398711,-51.44824535,0x213785,25.01743187,22.19335206,-48.55347934,,,,,52.59681654,27.29146363,-61.41929939,46.88251665,14.19334831,-40.84485936,44.06428446,14.51030232,-41.06549724,0,44.06428446,14.51030232,-41.06549724,53.73935044,22.0145328,-58.13999858
DND,0x39469e,32.91127083,24.71398711,-51.44824535,0x213785,25.01743187,22.19335206,-48.55347934,,,,,52.32901676,-56.04342287,54.81897416,51.5932519,-45.05236341,52.11113466,43.71432165,-178.6922008,-33.25120386,1,43.71432165,-178.6922008,-33.25120386,62.37233371,-2.049848781,-43.52453728
DND,0x39469e,32.91127083,24.71398711,-51.44824535,0x213785,25.01743187,22.19335206,-48.55347934,,,,,25.15430199,13.33709753,-9.059208941,28.24752503,9.359420741,-15.14943075,17.13711571,41.97925753,-74.18680481,1,17.13711571,41.97925753,-74.18680481,39.84865529,49.04638509,-80.49740055
DND,0x39469e,32.91127083,24.71398711,-51.44824535,0x213785,25.01743187,22.19335206,-48.55347934,,,,,24.86902744,2.454085842,-28.18455588,28.74679696,10.44027922,-31.89085297,17.56844561,51.5030054,-64.14652816,0,17.56844561,51.5030054,-64.14652816,35.34100374,54.26790773,-79.40844154
DND,0x39469e,32.91127083,24.71398711,-51.44824535,0x213785,25.01743187,22.19335206,-48.55347934,,,,,47.62920462,41.94102883,31.48524719,38.30507812,13.33938391,8.488123491,37.31239663,34.04193484,-40.05007787,0,37.31239663,34.04193484,-40.05007787,48.26003578,36.66605622,-64.86724244
DND,0x39469e,32.91127083,24.71398711,-51.44824535,0x213785,25.01743187,22.19335206,-48.55347934,,,,,90.4261303,-52.48599773,51.91459728,59.89325531,-14.23657501,6.089201129,87.20764107,-67.3618896,98.63441076,1,87.20764107,-67.3618896,98.63441076,67.08904558,-25.60012155,14.97691143
DND,0x39469e,32.91127083,24.71398711,-51.44824535,0x213785,25.01743187,22.19335206,-48.55347934,,,,,85.84758655,19.02427193,-0.00371812,60.86537962,-0.067462651,-16.76944666,82.31748614,12.13695186,31.33782503,0,82.31748614,12.13695186,31.33782503,69.5335849,-0.877903793,-26.57859873
DND,0x39469e,32.91127083,24.71398711,-51.44824535,0x213785,25.01743187,22.19335206,-48.55347934,,,,,43.43842197,-23.26457449,13.48058287,43.20441622,-20.09097236,1.893227603,31.0120157,-114.627473,-46.42945731,1,31.0120157,-114.627473,-46.42945731,51.84851584,13.10331706,-54.9835506
DND,0x39469e,32.91127083,24.71398711,-51.44824535,0x213785,25.01743187,22.19335206,-48.55347934,,,,,34.16082938,-1.603995035,42.41433871,33.61573599,-7.516216325,19.72942576,11.1988997,32.63534112,-92.20310471,1,11.1988997,32.63534112,-92.20310471,39.93193704,48.21674525,-81.09515206
DND,0x39469e,32.91127083,24.71398711,-51.44824535,0x213785,25.01743187,22.19335206,-48.55347934,,,,,66.42322584,36.90890533,72.91331054,50.95521629,-14.28165162,49.79514667,60.84945867,29.81323653,-2.229563036,0,60.84945867,29.81323653,-2.229563036,62.08325977,15.36077332,-41.0658411
DND,0x39469e,32.91127083,24.71398711,-51.44824535,0x213785,25.01743187,22.19335206,-48.55347934,,,,,90.34901545,-28.62705529,-14.55452353,60.48038249,-4.76211555,-17.62528026,87.12563589,-40.11510756,7.084897143,0,87.12563589,-40.11510756,7.084897143,68.51154602,-1.599383545,-34.53689293
DND,0x39469e,32.91127083,24.71398711,-51.44824535,0x213785,25.01743187,22.19335206,-48.55347934,,,,,29.60014551,9.096210596,-18.63236904,31.02001164,10.83436401,-26.25554128,6.521539654,68.66781269,-84.08533536,1,6.521539654,68.66781269,-84.08533536,33.09241435,58.72285371,-85.01319553
DND,0x39469e,32.91127083,24.71398711,-51.44824535,0x213785,25.01743187,22.19335206,-48.55347934,,,,,85.44790753,-76.75134949,51.88032577,57.48237276,-36.59767798,11.26773144,81.88840184,-99.21565697,71.70286387,1,81.88840184,-99.21565697,71.70286387,64.93875222,-34.77994391,3.928486758
DND,0x39469e,32.91127083,24.71398711,-51.44824535,0x213785,25.01743187,22.19335206,-48.55347934,,,,,51.74530975,72.75299682,-34.2958598,36.35705784,52.83015865,-56.66970756,42.94673493,73.89725652,14.00773081,0,42.94673493,73.89725652,14.00773081,37.64427989,51.15585725,-51.09617643
DND,0x39469e,32.91127083,24.71398711,-51.44824535,0x213785,25.01743187,22.19335206,-48.55347934,,,,,52.92573402,4.098892432,37.74831863,48.7166833,-8.653132919,25.33851095,44.4922925,-19.31019006,-26.61724797,0,44.4922925,-19.31019006,-26.61724797,56.37698606,7.540698566,-50.12320262
DND,0x39469e,32.91127083,24.71398711,-51.44824535,0x213785,25.01743187,22.19335206,-48.55347934,,,,,76.35370644,-33.61094706,4.611446636,59.98348099,-7.318891314,-19.2832597,72.00615439,-51.72170487,54.48968234,0,72.00615439,-51.72170487,54.48968234,67.16434154,-25.64738933,-0.068725907
DND,0x39469e,32.91127083,24.71398711,-51.44824535,0x213785,25.01743187,22.19335206,-48.55347934,,,,,61.99946811,52.14197796,-28.53832783,48.27893023,23.86492516,-36.79222208,55.69037526,47.51358391,7.738538106,0,55.69037526,47.51358391,7.738538106,54.30178885,21.39141606,-39.77267496
DND,0x39469e,32.91127083,24.71398711,-51.44824535,0x213785,25.01743187,22.19335206,-48.55347934,,,,,56.07959141,72.21591249,55.02887223,33.54165095,22.54620883,16.089004,48.50497935,72.0001957,-23.49979349,0,48.50497935,72.0001957,-23.49979349,46.80346878,53.75341176,-69.48050941
DND,0x39469e,32.91127083,24.71398711,-51.44824535,0x213785,25.01743187,22.19335206,-48.55347934,,,,,66.62733298,22.92747605,51.73400269,54.30178885,-15.48780194,31.01895742,61.08411129,13.18960111,6.283188545,0,61.08411129,13.18960111,6.283188545,64.63581699,5.276322117,-30.52584733
DND,0x39469e,32.91127083,24.71398711,-51.44824535,0x213785,25.01743187,22.19335206,-48.55347934,,,,,71.4156895,12.91037374,75.074927,59.00670954,-27.04678369,64.13490094,66.51873881,2.446318376,9.435098749,0,66.51873881,2.446318376,9.435098749,69.44103142,-1.06324274,-25.86059425
DND,0x39469e,32.91127083,24.71398711,-51.44824535,0x213785,25.01743187,22.19335206,-48.55347934,,,,,71.52770658,-29.24687709,69.21629205,59.67583388,-26.03625465,60.31713772,66.64441497,-49.33365067,11.81010146,0,66.64441497,-49.33365067,11.81010146,66.05118232,-13.34159884,-29.20274592
DND,0x39469e,32.91127083,24.71398711,-51.44824535,0x213785,25.01743187,22.19335206,-48.55347934,,,,,38.89502667,8.087673805,32.78109814,36.71522707,0.0890922,16.57699541,23.00356872,-56.17943718,-69.19514724,1,23.00356872,-56.17943718,-69.19514724,47.81597396,27.01785803,-67.82777063
DND,0x39469e,32.91127083,24.71398711,-51.44824535,0x213785,25.01743187,22.19335206,-48.55347934,,,,,80.84731645,-62.56409011,52.07287938,57.98005442,-28.42903268,18.75906487,76.91992501,-84.88713487,52.20537391,1,76.91992501,-84.88713487,52.20537391,65.47525634,-29.41592528,-7.379034473
DND,0x39469e,32.91127083,24.71398711,-51.44824535,0x213785,25.01743187,22.19335206,-48.55347934,,,,,76.19533933,-34.27689423,75.99001009,59.2050189,-26.85629166,68.92301678,71.83170728,-52.64112084,21.26133276,0,71.83170728,-52.64112084,21.26133276,66.82442899,-13.67295031,-26.21394808
DND,0x39469e,32.91127083,24.71398711,-51.44824535,0x213785,25.01743187,22.19335206,-48.55347934,,,,,52.47585737,52.04778975,-19.51369485,42.83848654,35.1374606,-43.62211444,43.90638141,47.61248922,47.5679572,0,43.90638141,47.61248922,47.5679572,45.93405851,19.86235147,-22.25181018
DND,0x39469e,32.91127083,24.71398711,-51.44824535,0x213785,25.01743187,22.19335206,-48.55347934,,,,,80.688404,-62.94547781,78.30045826,58.16969908,-38.22588992,62.06384488,76.74725782,-85.49266577,32.13663817,1,76.74725782,-85.49266577,32.13663817,66.48170329,-20.03508812,-22.20531171
DND,0x39469e,32.91127083,24.71398711,-51.44824535,0x213785,25.01743187,22.19335206,-48.55347934,,,,,47.85224275,37.82018842,-0.29742151,41.39831307,22.41066136,-18.04999823,37.62933723,28.10407593,-20.24425051,0,37.62933723,28.10407593,-20.24425051,48.52355381,29.2555327,-49.64058695
DND,0x39469e,32.91127083,24.71398711,-51.44824535,0x213785,25.01743187,22.19335206,-48.55347934,,,,,47.96263375,32.37974643,-47.03401017,43.55120971,26.38054647,-45.38050483,37.78564005,20.10141166,-11.00183769,0,37.78564005,20.10141166,-11.00183769,49.03192713,21.77668057,-44.0175387
DND,0x39469e,32.91127083,24.71398711,-51.44824535,0x213785,25.01743187,22.19335206,-48.55347934,,,,,36.57715286,70.78880507,-64.23371837,30.47238701,63.65846087,-66.32630377,17.98532304,88.9919838,-39.3159442,1,17.98532304,88.9919838,-39.3159442,36.89250085,51.39554842,-62.67444292
DND,0x39469e,32.91127083,24.71398711,-51.44824535,0x213785,25.01743187,22.19335206,-48.55347934,,,,,52.7394972,23.33066183,-32.89504289,47.72641654,18.21548679,-37.46895191,44.25019326,9.008124659,15.33132034,0,44.25019326,9.008124659,15.33132034,53.50319876,8.716820236,-27.43561627
DND,0x39469e,32.91127083,24.71398711,-51.44824535,0x213785,25.01743187,22.19335206,-48.55347934,,,,,34.16082938,-1.603995035,42.41433871,33.61573599,-7.516216325,19.72942576,11.1988997,32.63534112,-92.20310471,1,11.1988997,32.63534112,-92.20310471,39.93193704,48.21674525,-81.09515206
DND,0x39469e,32.91127083,24.71398711,-51.44824535,0x213785,25.01743187,22.19335206,-48.55347934,,,,,71.61273954,23.18021847,-4.574663029,60.08248238,0.567544194,-18.03681284,66.73977633,14.55660524,42.89978624,0,66.73977633,14.55660524,42.89978624,66.20545773,-10.52214063,-6.800349973
DND,0x39469e,32.91127083,24.71398711,-51.44824535,0x213785,25.01743187,22.19335206,-48.55347934,,,,,42.3834691,66.74679724,-81.59027038,35.0032242,48.5226001,-60.41947251,29.29334512,71.74389909,-70.43746762,0,29.29334512,71.74389909,-70.43746762,38.7773199,64.82014212,-83.17907486
DND,0x39469e,32.91127083,24.71398711,-51.44824535,0x213785,25.01743187,22.19335206,-48.55347934,,,,,66.88252755,-14.43205408,-42.43782918,58.34426106,-18.2666368,-21.10521384,61.37711962,-33.37429352,-19.70517497,0,61.37711962,-33.37429352,-19.70517497,66.55811066,-10.38124435,-37.23903687
DND,0x39469e,32.91127083,24.71398711,-51.44824535,0x213785,25.01743187,22.19335206,-48.55347934,,,,,57.4415813,-5.385657278,47.70688467,52.6251122,-16.61415862,34.4990025,50.19337616,-28.79377258,-17.59423882,0,50.19337616,-28.79377258,-17.59423882,60.50705859,-2.629120511,-42.4804778
DND,0x39469e,32.91127083,24.71398711,-51.44824535,0x213785,25.01743187,22.19335206,-48.55347934,,,,,56.67580646,62.22736634,12.48633138,39.27563531,25.87062529,-21.79915786,49.24704424,59.86941363,2.220386961,0,49.24704424,59.86941363,2.220386961,48.13378784,36.22671603,-48.22290496
DND,0x39469e,32.91127083,24.71398711,-51.44824535,0x213785,25.01743187,22.19335206,-48.55347934,,,,,66.91882638,28.3094466,-33.16493358,57.11437368,6.495280458,-22.65203985,61.41876338,19.69745191,-5.540426205,0,61.41876338,19.69745191,-5.540426205,63.81121251,14.44549976,-41.54876245
DND,0x39469e,32.91127083,24.71398711,-51.44824535,0x213785,25.01743187,22.19335206,-48.55347934,,,,,61.94066062,-47.98532477,37.43073356,57.58340934,-38.40862327,27.17503666,55.6207465,-88.84039934,0.379294809,1,55.6207465,-88.84039934,0.379294809,65.99704863,-16.70421306,-25.13424104
DND,0x39469e,32.91127083,24.71398711,-51.44824535,0x213785,25.01743187,22.19335206,-48.55347934,,,,,47.71671804,46.26907853,-76.03745278,40.86430725,27.57256071,-50.791118,37.43693819,40.19369001,-61.79285893,0,37.43693819,40.19369001,-61.79285893,47.49496263,36.63067498,-68.50503389
DND,0x39469e,32.91127083,24.71398711,-51.44824535,0x213785,25.01743187,22.19335206,-48.55347934,,,,,52.88555582,23.37125841,-0.023427678,47.03347203,15.57577164,-15.61692462,44.44011609,9.136322821,0.961647386,0,44.44011609,9.136322821,0.961647386,53.96328567,10.74039072,-34.34107924
DND,0x39469e,32.91127083,24.71398711,-51.44824535,0x213785,25.01743187,22.19335206,-48.55347934,,,,,80.99835881,-14.21463983,-9.413186299,61.20293581,-0.288436894,-16.29176773,77.08397147,-26.46896637,20.63115506,0,77.08397147,-26.46896637,20.63115506,69.04002839,1.346694047,-29.45934247
DND,0x39469e,32.91127083,24.71398711,-51.44824535,0x213785,25.01743187,22.19335206,-48.55347934,,,,,57.60944704,-13.90376889,18.56675466,53.18943472,-14.10058551,4.179472794,50.39984549,-41.39482055,-0.1164557,0,50.39984549,-41.39482055,-0.1164557,60.71096018,-13.73798536,-29.18413647
DND,0x39469e,32.91127083,24.71398711,-51.44824535,0x213785,25.01743187,22.19335206,-48.55347934,,,,,48.17278848,9.58479785,-19.01742107,45.88654743,10.96121983,-30.499569,38.08218662,-16.31031772,9.039651143,0,38.08218662,-16.31031772,9.039651143,50.71059693,-2.064722393,-28.86441646
DND,0x39469e,32.91127083,24.71398711,-51.44824535,0x213785,25.01743187,22.19335206,-48.55347934,,,,,79.55814625,-65.86210655,31.32622659,58.04654058,-26.49795192,-5.382837866,75.51695746,-90.15795059,84.02180096,1,75.51695746,-90.15795059,84.02180096,64.94669362,-38.91132421,12.42446319
DND,0x39469e,32.91127083,24.71398711,-51.44824535,0x213785,25.01743187,22.19335206,-48.55347934,,,,,71.26216356,28.00472124,75.80919093,55.97749132,-22.44576814,55.23317236,66.34639339,20.10750957,8.819066194,0,66.34639339,20.10750957,8.819066194,67.20193844,4.378480772,-29.99833277
DND,0x39469e,32.91127083,24.71398711,-51.44824535,0x213785,25.01743187,22.19335206,-48.55347934,,,,,33.84509602,-41.4070041,39.96769186,35.58656422,-36.51505052,30.61997548,10.08694648,87.82851973,-93.92066929,1,10.08694648,87.82851973,-93.92066929,34.51860369,62.85813789,-90.84713383
DND,0x39469e,32.91127083,24.71398711,-51.44824535,0x213785,25.01743187,22.19335206,-48.55347934,,,,,80.99835881,-14.21463983,-9.413186299,61.20293581,-0.288436894,-16.29176773,77.08397147,-26.46896637,20.63115506,0,77.08397147,-26.46896637,20.63115506,69.04002839,1.346694047,-29.45934247
DND,0x39469e,32.91127083,24.71398711,-51.44824535,0x213785,25.01743187,22.19335206,-48.55347934,,,,,71.27513417,-57.61540313,41.90177231,58.06077209,-34.33946873,19.12633271,66.36095841,-87.78739321,27.60595631,1,66.36095841,-87.78739321,27.60595631,65.1368216,-24.23185297,-16.96049609
DND,0x39469e,32.91127083,24.71398711,-51.44824535,0x213785,25.01743187,22.19335206,-48.55347934,,,,,33.5810507,25.37755658,-61.78159534,33.28594755,29.85496701,-62.73205251,9.09046466,-26.19719445,-31.4463426,1,9.09046466,-26.19719445,-31.4463426,36.34756599,17.51411245,-50.33558738
DND,0x39469e,32.91127083,24.71398711,-51.44824535,0x213785,25.01743187,22.19335206,-48.55347934,,,,,57.38798648,23.56120139,-5.110159051,50.34617935,15.82327415,-23.85644252,50.12738381,11.27532894,34.87524894,0,50.12738381,11.27532894,34.87524894,56.42661374,2.176715379,-13.87091744
DND,0x39469e,32.91127083,24.71398711,-51.44824535,0x213785,25.01743187,22.19335206,-48.55347934,,,,,66.94249941,33.07050205,-14.19799517,55.62425902,9.123200537,-24.6709712,61.44591776,25.35222409,30.05002548,0,61.44591776,25.35222409,30.05002548,61.67147487,0.503784292,-17.96090782
DND,0x39469e,32.91127083,24.71398711,-51.44824535,0x213785,25.01743187,22.19335206,-48.55347934,,,,,48.24254819,18.46693679,-32.93465499,45.15799844,22.32540432,-43.31629947,38.18033472,-1.332800927,35.89149902,0,38.18033472,-1.332800927,35.89149902,49.6775382,1.687084227,-19.90202249
DND,0x39469e,32.91127083,24.71398711,-51.44824535,0x213785,25.01743187,22.19335206,-48.55347934,,,,,51.85878656,57.04422495,36.10011167,36.01315919,20.17295231,4.604165305,43.09648609,54.10577396,-29.09701373,0,43.09648609,54.10577396,-29.09701373,48.33554705,46.3145741,-63.1350243
DND,0x39469e,32.91127083,24.71398711,-51.44824535,0x213785,25.01743187,22.19335206,-48.55347934,,,,,39.05080558,-14.4494233,23.382381,38.21671956,-14.93058923,8.794360882,23.31060051,-39.68384842,-66.31115959,1,23.31060051,-39.68384842,-66.31115959,46.67127839,30.93962507,-69.59208723
DND,0x39469e,32.91127083,24.71398711,-51.44824535,0x213785,25.01743187,22.19335206,-48.55347934,,,,,71.60467846,-24.69032799,69.09244577,59.53474918,-26.50255589,55.15281217,66.73073758,-43.45845376,12.05958868,0,66.73073758,-43.45845376,12.05958868,67.07397,-12.60477598,-27.13608408
DND,0x39469e,32.91127083,24.71398711,-51.44824535,0x213785,25.01743187,22.19335206,-48.55347934,,,,,56.82710832,51.42275076,66.35989247,41.00875573,1.075322835,42.01997032,49.43461211,46.64188178,-24.14633581,0,49.43461211,46.64188178,-24.14633581,54.08001517,36.62277687,-57.04318344
DND,0x39469e,32.91127083,24.71398711,-51.44824535,0x213785,25.01743187,22.19335206,-48.55347934,,,,,66.60598702,8.225610857,70.63869885,56.37201955,-24.19925971,59.477262,61.05958344,-4.760369847,-1.154519649,0,61.05958344,-4.760369847,-1.154519649,66.06663598,2.353968738,-33.59285255
DND,0x39469e,32.91127083,24.71398711,-51.44824535,0x213785,25.01743187,22.19335206,-48.55347934,,,,,47.81550649,42.52466314,-24.2246651,42.23107814,35.10221463,-42.63337262,37.57724005,34.88589269,21.42107546,0,37.57724005,34.88589269,21.42107546,46.20416249,22.69244527,-30.08194318
DND,0x39469e,32.91127083,24.71398711,-51.44824535,0x213785,25.01743187,22.19335206,-48.55347934,,,,,76.07236651,-57.95977248,68.11573907,58.39600009,-38.31870567,48.10977982,71.69618361,-82.99142783,24.53003663,1,71.69618361,-82.99142783,24.53003663,65.7097188,-19.25876917,-24.47322945
DND,0x39469e,32.91127083,24.71398711,-51.44824535,0x213785,25.01743187,22.19335206,-48.55347934,,,,,29.5823087,18.18280596,13.38925296,29.9977733,13.29948514,0.346793044,6.585906102,52.41262476,-96.77423463,1,6.585906102,52.41262476,-96.77423463,36.74329695,57.92382132,-86.54616886
DND,0x39469e,32.91127083,24.71398711,-51.44824535,0x213785,25.01743187,22.19335206,-48.55347934,,,,,56.85574119,62.22725555,8.112046228,40.18030591,26.17715213,-24.66049691,49.47007469,59.84708885,7.971235181,0,49.47007469,59.84708885,7.971235181,48.15907719,29.98901632,-43.35268973
DND,0x39469e,32.91127083,24.71398711,-51.44824535,0x213785,25.01743187,22.19335206,-48.55347934,,,,,32.54833831,48.46081152,35.87000457,28.22093396,27.32708598,12.95514234,4.824486458,67.20782762,-102.7812153,1,4.824486458,67.20782762,-102.7812153,35.3212572,64.16101139,-89.06014079
DND,0x39469e,32.91127083,24.71398711,-51.44824535,0x213785,25.01743187,22.19335206,-48.55347934,,,,,81.04108871,4.669740698,-23.50276205,61.08053004,-1.394870354,-17.12566199,77.13036801,-4.764273238,-0.398002123,0,77.13036801,-4.764273238,-0.398002123,69.23384022,2.476639936,-32.50411501
DND,0x39469e,32.91127083,24.71398711,-51.44824535,0x213785,25.01743187,22.19335206,-48.55347934,,,,,56.84435281,71.89421872,-52.92598208,40.88039333,42.31000433,-49.148239,49.45597114,71.45216812,-29.95239308,0,49.45597114,71.45216812,-29.95239308,46.68452253,51.57861701,-69.01651361
DND,0x39469e,32.91127083,24.71398711,-51.44824535,0x213785,25.01743187,22.19335206,-48.55347934,,,,,62.32457606,13.94248991,-4.412570092,55.5074332,7.464012915,-23.18526585,56.07476482,0.732400393,84.06470044,1,56.07476482,0.732400393,84.06470044,60.90498735,-11.33366842,4.613103565
DND,0x39469e,32.91127083,24.71398711,-51.44824535,0x213785,25.01743187,22.19335206,-48.55347934,,,,,57.53075034,18.94367634,4.569593536,51.41055111,8.343894717,-11.01968783,50.30309385,5.219502641,15.95066866,0,50.30309385,5.219502641,15.95066866,57.91344855,4.821078268,-23.84332268
DND,0x39469e,32.91127083,24.71398711,-51.44824535,0x213785,25.01743187,22.19335206,-48.55347934,,,,,57.41112513,37.37070123,13.96094026,46.18398598,10.30304349,-10.39503424,50.15587924,29.10390087,3.571698315,0,50.15587924,29.10390087,3.571698315,54.75158191,17.86194061,-35.70773561
DND,0x39469e,32.91127083,24.71398711,-51.44824535,0x213785,25.01743187,22.19335206,-48.55347934,,,,,33.5810507,25.37755658,-61.78159534,33.28594755,29.85496701,-62.73205251,9.09046466,-26.19719445,-31.4463426,1,9.09046466,-26.19719445,-31.4463426,36.34756599,17.51411245,-50.33558738
DND,0x39469e,32.91127083,24.71398711,-51.44824535,0x213785,25.01743187,22.19335206,-48.55347934,,,,,20.27905097,23.07649624,3.521865043,22.67117725,13.6625075,-8.513535678,22.78414979,28.32119353,-70.12816319,1,22.78414979,28.32119353,-70.12816319,42.06180079,44.23291963,-77.33745048
DND,0x39469e,32.91127083,24.71398711,-51.44824535,0x213785,25.01743187,22.19335206,-48.55347934,,,,,67.06747192,-0.084390542,9.435756946,60.8080963,-4.89220988,-7.019200458,61.58920995,-14.92198228,61.19131877,0,61.58920995,-14.92198228,61.19131877,66.55047629,-18.78064274,9.452289551
DND,0x39469e,32.91127083,24.71398711,-51.44824535,0x213785,25.01743187,22.19335206,-48.55347934,,,,,52.47832276,22.48094559,52.97159157,45.12320212,-1.776353291,36.67415952,43.90960254,7.669195696,-32.44755929,0,43.90960254,7.669195696,-32.44755929,54.06941946,21.01249636,-57.49390984
DND,0x39469e,32.91127083,24.71398711,-51.44824535,0x213785,25.01743187,22.19335206,-48.55347934,,,,,71.55537734,-14.22677311,23.51863109,60.35118488,-9.482142438,1.990425894,66.67545052,-30.35347063,53.45070549,0,66.67545052,-30.35347063,53.45070549,67.46417051,-21.144002,3.301340701
DND,0x39469e,32.91127083,24.71398711,-51.44824535,0x213785,25.01743187,22.19335206,-48.55347934,,,,,52.75929114,23.28368478,27.66907496,45.62734801,3.699437094,10.32387772,44.27595448,8.951328097,-22.61687971,0,44.27595448,8.951328097,-22.61687971,54.43837913,15.93970213,-48.66806279
DND,0x39469e,32.91127083,24.71398711,-51.44824535,0x213785,25.01743187,22.19335206,-48.55347934,,,,,38.77621479,-19.81368934,45.17925686,38.56844344,-25.3712107,31.44435252,22.76729774,-20.79307682,-71.67005261,1,22.76729774,-20.79307682,-71.67005261,45.66157782,33.784927,-71.06868822
DND,0x39469e,32.91127083,24.71398711,-51.44824535,0x213785,25.01743187,22.19335206,-48.55347934,,,,,38.44387137,36.83971124,-56.4663662,36.66837739,36.85719574,-57.58189467,22.09626848,24.9215369,-19.62320418,0,22.09626848,24.9215369,-19.62320418,39.76512442,24.45022628,-48.00750959
DND,0x39469e,32.91127083,24.71398711,-51.44824535,0x213785,25.01743187,22.19335206,-48.55347934,,,,,33.96968512,16.52916694,-46.8794606,34.85277133,31.15725873,-56.80047221,10.53519865,-21.21742988,-29.28272252,1,10.53519865,-21.21742988,-29.28272252,37.24352667,18.09395856,-48.79082758
DND,0x39469e,32.91127083,24.71398711,-51.44824535,0x213785,25.01743187,22.19335206,-48.55347934,,,,,42.44422117,39.36394302,-81.7141501,35.55722032,24.93267247,-59.03464262,29.39416765,29.80950777,-70.60749396,0,29.39416765,29.80950777,-70.60749396,43.58053807,36.72305523,-75.10701547
DND,0x39469e,32.91127083,24.71398711,-51.44824535,0x213785,25.01743187,22.19335206,-48.55347934,,,,,34.12507673,-15.21494979,41.51138431,35.17267137,-20.1623449,29.05482545,11.07683886,55.96764718,-92.32742863,1,11.07683886,55.96764718,-92.32742863,36.1952259,60.44772862,-87.57660419
DND,0x39469e,32.91127083,24.71398711,-51.44824535,0x213785,25.01743187,22.19335206,-48.55347934,,,,,37.21826611,53.27061979,50.44101106,30.31526201,25.74978866,28.90461115,19.47250803,57.64597513,-78.19743011,0,19.47250803,57.64597513,-78.19743011,34.55934451,62.84946175,-89.57771143
DND,0x39469e,32.91127083,24.71398711,-51.44824535,0x213785,25.01743187,22.19335206,-48.55347934,,,,,65.94872374,-0.877413348,68.47506776,57.38105756,-26.99498114,59.18456557,60.30288891,-16.4718886,-2.158580536,0,60.30288891,-16.4718886,-2.158580536,66.36682612,-4.274906458,-32.61066803
DTD,,,,,,,,,,,,,,,,,,,,,,,,,,,,
